{"textures":{"0":"modelengine:entity/spirit_guardian"},"elements":[{"from":[8.0,7.428571,2.2857141],"to":[8.0,20.0,19.428572],"rotation":{"angle":0.0,"axis":"y","origin":[8.0,13.714286,10.857143]},"faces":{"east":{"uv":[0.0,0.0,1.875,1.375],"rotation":0,"texture":"#0","tintindex":0},"south":{"uv":[0.4375,9.625,0.4375,11.0],"rotation":0,"texture":"#0","tintindex":0},"north":{"uv":[0.375,9.625,0.375,11.0],"rotation":0,"texture":"#0","tintindex":0},"west":{"uv":[1.875,0.0,0.0,1.375],"rotation":0,"texture":"#0","tintindex":0},"up":{"uv":[0.5,11.5,0.5,9.625],"rotation":0,"texture":"#0","tintindex":0},"down":{"uv":[2.3125,9.625,2.3125,11.5],"rotation":0,"texture":"#0","tintindex":0}}}],"display":{"head":{"translation":[0.0,-6.4,0.0],"scale":[4.0,4.0,4.0]}}}