{"textures":{"0":"modelengine:entity/spirit_guardian"},"elements":[{"from":[1.4285712,5.7414265,8.097389],"to":[14.571428,13.169998,14.383104],"rotation":{"angle":22.5,"axis":"x","origin":[12.571428,15.428572,13.714286]},"faces":{"east":{"uv":[1.0,4.6875,1.6875,5.5],"rotation":0,"texture":"#0","tintindex":0},"south":{"uv":[1.5,3.8125,2.9375,4.625],"rotation":0,"texture":"#0","tintindex":0},"north":{"uv":[0.0,3.8125,1.4375,4.625],"rotation":0,"texture":"#0","tintindex":0},"west":{"uv":[1.75,4.6875,2.4375,5.5],"rotation":0,"texture":"#0","tintindex":0},"up":{"uv":[4.4375,4.5,3.0,3.8125],"rotation":0,"texture":"#0","tintindex":0},"down":{"uv":[5.3125,0.0,3.875,0.6875],"rotation":0,"texture":"#0","tintindex":0}}}],"display":{"head":{"translation":[0.0,-6.4,0.0],"scale":[4.0,4.0,4.0]}}}