{"textures":{"0":"modelengine:entity/spirit_guardian"},"elements":[{"from":[8.0,8.571428,-8.57143],"to":[8.0,21.142857,8.571428],"rotation":{"angle":0.0,"axis":"y","origin":[8.0,14.857143,0.0]},"faces":{"east":{"uv":[3.8125,1.4375,1.9375,2.8125],"rotation":0,"texture":"#0","tintindex":0},"south":{"uv":[2.4375,9.625,2.4375,11.0],"rotation":0,"texture":"#0","tintindex":0},"north":{"uv":[2.375,9.625,2.375,11.0],"rotation":0,"texture":"#0","tintindex":0},"west":{"uv":[1.9375,1.4375,3.8125,2.8125],"rotation":0,"texture":"#0","tintindex":0},"up":{"uv":[2.5,11.5,2.5,9.625],"rotation":0,"texture":"#0","tintindex":0},"down":{"uv":[2.5625,9.625,2.5625,11.5],"rotation":0,"texture":"#0","tintindex":0}}}],"display":{"head":{"translation":[0.0,-6.4,0.0],"scale":[4.0,4.0,4.0]}}}