{"textures":{"0":"modelengine:entity/spirit_guardian"},"elements":[{"from":[4.8571424,7.051689,4.957114],"to":[11.142858,12.765975,8.957114],"rotation":{"angle":-22.5,"axis":"x","origin":[8.0,9.908833,6.957114]},"faces":{"east":{"uv":[7.125,0.0,7.5625,0.625],"rotation":0,"texture":"#0","tintindex":0},"south":{"uv":[3.8125,5.25,4.5,5.875],"rotation":0,"texture":"#0","tintindex":0},"north":{"uv":[5.25,2.9375,5.9375,3.5625],"rotation":0,"texture":"#0","tintindex":0},"west":{"uv":[7.125,1.875,7.5625,2.5],"rotation":0,"texture":"#0","tintindex":0},"up":{"uv":[7.5,5.0625,6.8125,4.625],"rotation":0,"texture":"#0","tintindex":0},"down":{"uv":[7.5,5.125,6.8125,5.5625],"rotation":0,"texture":"#0","tintindex":0}}}],"display":{"head":{"translation":[0.0,-6.4,0.0],"scale":[4.0,4.0,4.0]}}}