{"textures":{"0":"modelengine:entity/invisible"},"elements":[{"from":[0.85714245,-4.000001,6.857143],"to":[15.142858,20.0,9.142858],"rotation":{"angle":0.0,"axis":"y","origin":[7.142857,5.142857,8.0]},"faces":{"east":{"uv":[3.5,1.0,13.0,14.0],"rotation":0,"texture":"#0","tintindex":0},"south":{"uv":[3.5,1.0,13.0,14.0],"rotation":0,"texture":"#0","tintindex":0},"north":{"uv":[3.5,1.0,13.0,14.0],"rotation":0,"texture":"#0","tintindex":0},"west":{"uv":[3.5,1.0,13.0,14.0],"rotation":0,"texture":"#0","tintindex":0},"up":{"uv":[3.5,1.0,13.0,14.0],"rotation":0,"texture":"#0","tintindex":0},"down":{"uv":[3.5,1.0,13.0,14.0],"rotation":0,"texture":"#0","tintindex":0}}}],"display":{"head":{"translation":[0.0,-6.4,0.0],"scale":[4.0,4.0,4.0]}}}