{"textures":{"0":"modelengine:entity/phoenix"},"elements":[{"from":[6.285714,6.285714,6.0],"to":[9.714286,9.714286,11.142858],"rotation":{"angle":0.0,"axis":"y","origin":[8.0,8.0,8.571428]},"faces":{"east":{"uv":[6.25,1.1875,6.8125,1.5625],"rotation":0,"texture":"#0","tintindex":0},"south":{"uv":[6.3125,2.25,6.6875,2.625],"rotation":0,"texture":"#0","tintindex":0},"north":{"uv":[6.3125,0.625,6.6875,1.0],"rotation":0,"texture":"#0","tintindex":0},"west":{"uv":[1.875,6.25,2.4375,6.625],"rotation":0,"texture":"#0","tintindex":0},"up":{"uv":[2.875,6.8125,2.5,6.25],"rotation":0,"texture":"#0","tintindex":0},"down":{"uv":[6.6875,1.625,6.3125,2.1875],"rotation":0,"texture":"#0","tintindex":0}}}],"display":{"head":{"translation":[0.0,-6.4,0.0],"scale":[4.0,4.0,4.0]}}}