{"textures":{"0":"modelengine:entity/phoenix"},"elements":[{"from":[7.428571,7.428571,6.285714],"to":[8.571428,8.0,8.0],"rotation":{"angle":0.0,"axis":"y","origin":[8.0,7.714286,7.142857]},"faces":{"east":{"uv":[3.0,7.3125,3.1875,7.375],"rotation":0,"texture":"#0","tintindex":0},"south":{"uv":[4.875,7.3125,5.0,7.375],"rotation":0,"texture":"#0","tintindex":0},"north":{"uv":[4.6875,7.3125,4.8125,7.375],"rotation":0,"texture":"#0","tintindex":0},"west":{"uv":[7.3125,3.125,7.5,3.1875],"rotation":0,"texture":"#0","tintindex":0},"up":{"uv":[0.125,7.3125,0.0,7.125],"rotation":0,"texture":"#0","tintindex":0},"down":{"uv":[0.3125,7.125,0.1875,7.3125],"rotation":0,"texture":"#0","tintindex":0}}}],"display":{"head":{"translation":[0.0,-6.4,0.0],"scale":[4.0,4.0,4.0]}}}