{"textures":{"0":"modelengine:entity/phoenix"},"elements":[{"from":[6.857143,6.7864347,5.284919],"to":[9.142858,9.072149,8.142062],"rotation":{"angle":0.0,"axis":"y","origin":[8.0,7.9292917,6.7134905]},"faces":{"east":{"uv":[0.0,6.4375,0.3125,6.6875],"rotation":0,"texture":"#0","tintindex":0},"south":{"uv":[6.75,2.9375,7.0,3.1875],"rotation":0,"texture":"#0","tintindex":0},"north":{"uv":[2.125,6.6875,2.375,6.9375],"rotation":0,"texture":"#0","tintindex":0},"west":{"uv":[0.375,6.4375,0.6875,6.6875],"rotation":0,"texture":"#0","tintindex":0},"up":{"uv":[4.25,3.25,4.0,2.9375],"rotation":0,"texture":"#0","tintindex":0},"down":{"uv":[4.25,3.3125,4.0,3.625],"rotation":0,"texture":"#0","tintindex":0}}}],"display":{"head":{"translation":[0.0,-6.4,0.0],"scale":[4.0,4.0,4.0]}}}