{"textures":{"0":"modelengine:entity/phoenix"},"elements":[{"from":[6.285714,8.0,2.2857141],"to":[10.857143,8.0,19.428572],"rotation":{"angle":0.0,"axis":"y","origin":[8.571428,8.0,10.857143]},"faces":{"east":{"uv":[7.375,1.0,9.25,1.0],"rotation":0,"texture":"#0","tintindex":0},"south":{"uv":[7.375,1.0625,7.875,1.0625],"rotation":0,"texture":"#0","tintindex":0},"north":{"uv":[7.3125,7.0,7.8125,7.0],"rotation":0,"texture":"#0","tintindex":0},"west":{"uv":[7.375,1.125,9.25,1.125],"rotation":0,"texture":"#0","tintindex":0},"up":{"uv":[5.0625,1.875,4.5625,0.0],"rotation":0,"texture":"#0","tintindex":0},"down":{"uv":[5.0625,0.0,4.5625,1.875],"rotation":0,"texture":"#0","tintindex":0}}}],"display":{"head":{"translation":[0.0,-6.4,0.0],"scale":[4.0,4.0,4.0]}}}