{"textures":{"0":"modelengine:entity/phoenix"},"elements":[{"from":[9.585735,7.714286,6.7196717],"to":[11.871449,8.285714,14.719671],"rotation":{"angle":45.0,"axis":"y","origin":[10.728593,8.0,10.719672]},"faces":{"east":{"uv":[7.75,1.4375,6.875,1.5],"rotation":0,"texture":"#0","tintindex":0},"south":{"uv":[5.3125,7.1875,5.0625,7.25],"rotation":0,"texture":"#0","tintindex":0},"north":{"uv":[5.0,7.1875,4.75,7.25],"rotation":0,"texture":"#0","tintindex":0},"west":{"uv":[7.75,1.3125,6.875,1.375],"rotation":0,"texture":"#0","tintindex":0},"up":{"uv":[3.0625,7.0625,3.3125,6.1875],"rotation":0,"texture":"#0","tintindex":0},"down":{"uv":[3.0625,6.1875,3.3125,7.0625],"rotation":0,"texture":"#0","tintindex":0}}}],"display":{"head":{"translation":[0.0,-6.4,0.0],"scale":[4.0,4.0,4.0]}}}