{"textures":{"0":"modelengine:entity/phoenix"},"elements":[{"from":[7.5714283,8.0,1.7142854],"to":[12.142858,8.0,18.857143],"rotation":{"angle":45.0,"axis":"y","origin":[9.857143,8.0,10.285714]},"faces":{"east":{"uv":[9.25,2.0625,7.375,2.0625],"rotation":0,"texture":"#0","tintindex":0},"south":{"uv":[7.875,2.0,7.375,2.0],"rotation":0,"texture":"#0","tintindex":0},"north":{"uv":[7.875,1.875,7.375,1.875],"rotation":0,"texture":"#0","tintindex":0},"west":{"uv":[9.25,1.9375,7.375,1.9375],"rotation":0,"texture":"#0","tintindex":0},"up":{"uv":[4.875,5.75,5.375,3.875],"rotation":0,"texture":"#0","tintindex":0},"down":{"uv":[4.875,3.875,5.375,5.75],"rotation":0,"texture":"#0","tintindex":0}}}],"display":{"head":{"translation":[0.0,-6.4,0.0],"scale":[4.0,4.0,4.0]}}}