{"textures":{"0":"modelengine:entity/phoenix"},"elements":[{"from":[5.6543665,7.714286,7.2711143],"to":[7.9400806,8.285714,15.271114],"rotation":{"angle":-22.5,"axis":"y","origin":[6.797223,8.0,11.271114]},"faces":{"east":{"uv":[6.875,1.3125,7.75,1.375],"rotation":0,"texture":"#0","tintindex":0},"south":{"uv":[5.0625,7.1875,5.3125,7.25],"rotation":0,"texture":"#0","tintindex":0},"north":{"uv":[4.75,7.1875,5.0,7.25],"rotation":0,"texture":"#0","tintindex":0},"west":{"uv":[6.875,1.4375,7.75,1.5],"rotation":0,"texture":"#0","tintindex":0},"up":{"uv":[3.3125,7.0625,3.0625,6.1875],"rotation":0,"texture":"#0","tintindex":0},"down":{"uv":[3.3125,6.1875,3.0625,7.0625],"rotation":0,"texture":"#0","tintindex":0}}}],"display":{"head":{"translation":[0.0,-6.4,0.0],"scale":[4.0,4.0,4.0]}}}