{"textures":{"0":"modelengine:entity/phoenix"},"elements":[{"from":[4.5714283,8.0,1.9999995],"to":[9.142858,8.0,19.714287],"rotation":{"angle":-22.5,"axis":"y","origin":[6.857143,8.0,10.857143]},"faces":{"east":{"uv":[7.375,1.6875,9.3125,1.6875],"rotation":0,"texture":"#0","tintindex":0},"south":{"uv":[7.375,1.75,7.875,1.75],"rotation":0,"texture":"#0","tintindex":0},"north":{"uv":[7.375,1.625,7.875,1.625],"rotation":0,"texture":"#0","tintindex":0},"west":{"uv":[7.375,1.8125,9.3125,1.8125],"rotation":0,"texture":"#0","tintindex":0},"up":{"uv":[4.25,5.6875,3.75,3.75],"rotation":0,"texture":"#0","tintindex":0},"down":{"uv":[4.25,3.75,3.75,5.6875],"rotation":0,"texture":"#0","tintindex":0}}}],"display":{"head":{"translation":[0.0,-6.4,0.0],"scale":[4.0,4.0,4.0]}}}