{"textures":{"0":"modelengine:entity/shadow_archer"},"elements":[{"from":[3.4285712,1.8677158,8.771345],"to":[12.571428,8.724858,8.771345],"rotation":{"angle":-22.5,"axis":"x","origin":[8.0,6.15343,9.342774]},"faces":{"east":{"uv":[5.125,5.25,5.125,6.0],"rotation":0,"texture":"#0","tintindex":0},"south":{"uv":[1.0625,0.8125,2.0625,1.5625],"rotation":0,"texture":"#0","tintindex":0},"north":{"uv":[2.0625,0.8125,1.0625,1.5625],"rotation":0,"texture":"#0","tintindex":0},"west":{"uv":[5.1875,5.25,5.1875,6.0],"rotation":0,"texture":"#0","tintindex":0},"up":{"uv":[6.125,3.75,5.125,3.75],"rotation":0,"texture":"#0","tintindex":0},"down":{"uv":[6.25,0.375,5.25,0.375],"rotation":0,"texture":"#0","tintindex":0}}}],"display":{"head":{"translation":[0.0,-6.4,0.0],"scale":[4.0,4.0,4.0]}}}