{"textures":{"0":"modelengine:entity/shadow_archer"},"elements":[{"from":[3.4285712,0.72857094,7.9857144],"to":[12.571428,8.157143,7.9857144],"rotation":{"angle":0.0,"axis":"y","origin":[8.0,5.5714283,8.0]},"faces":{"east":{"uv":[5.25,5.25,5.25,6.0625],"rotation":0,"texture":"#0","tintindex":0},"south":{"uv":[0.0,0.875,1.0,1.6875],"rotation":0,"texture":"#0","tintindex":0},"north":{"uv":[1.0,0.875,0.0,1.6875],"rotation":0,"texture":"#0","tintindex":0},"west":{"uv":[5.3125,2.5625,5.3125,3.375],"rotation":0,"texture":"#0","tintindex":0},"up":{"uv":[6.25,0.4375,5.25,0.4375],"rotation":0,"texture":"#0","tintindex":0},"down":{"uv":[6.25,0.5,5.25,0.5],"rotation":0,"texture":"#0","tintindex":0}}}],"display":{"head":{"translation":[0.0,-6.4,0.0],"scale":[4.0,4.0,4.0]}}}