{"textures":{"0":"modelengine:entity/shadow_archer"},"elements":[{"from":[4.5714283,8.285714,6.0],"to":[11.428572,13.428572,10.0],"rotation":{"angle":0.0,"axis":"y","origin":[8.0,10.857143,8.0]},"faces":{"east":{"uv":[3.4375,1.9375,3.875,2.5],"rotation":0,"texture":"#0","tintindex":0},"south":{"uv":[2.125,0.0,2.875,0.5625],"rotation":0,"texture":"#0","tintindex":0},"north":{"uv":[2.125,0.0,2.875,0.5625],"rotation":0,"texture":"#0","tintindex":0},"west":{"uv":[3.375,3.5,3.8125,4.0625],"rotation":0,"texture":"#0","tintindex":0},"up":{"uv":[3.6875,0.4375,2.9375,0.0],"rotation":0,"texture":"#0","tintindex":0},"down":{"uv":[3.6875,0.5,2.9375,0.9375],"rotation":0,"texture":"#0","tintindex":0}}},{"from":[4.0,10.571428,5.714286],"to":[5.142857,14.571428,10.285714],"rotation":{"angle":22.5,"axis":"z","origin":[4.0,12.0,8.0]},"faces":{"east":{"uv":[1.25,3.625,1.75,4.0625],"rotation":0,"texture":"#0","tintindex":0},"south":{"uv":[1.75,5.0625,1.875,5.5],"rotation":0,"texture":"#0","tintindex":0},"north":{"uv":[1.5625,5.0625,1.6875,5.5],"rotation":0,"texture":"#0","tintindex":0},"west":{"uv":[1.8125,3.625,2.3125,4.0625],"rotation":0,"texture":"#0","tintindex":0},"up":{"uv":[1.3125,5.5625,1.1875,5.0625],"rotation":0,"texture":"#0","tintindex":0},"down":{"uv":[1.5,5.0625,1.375,5.5625],"rotation":0,"texture":"#0","tintindex":0}}},{"from":[10.857143,10.571428,5.714286],"to":[12.0,14.571428,10.285714],"rotation":{"angle":-22.5,"axis":"z","origin":[12.0,12.0,8.0]},"faces":{"east":{"uv":[2.3125,3.625,1.8125,4.0625],"rotation":0,"texture":"#0","tintindex":0},"south":{"uv":[1.875,5.0625,1.75,5.5],"rotation":0,"texture":"#0","tintindex":0},"north":{"uv":[1.6875,5.0625,1.5625,5.5],"rotation":0,"texture":"#0","tintindex":0},"west":{"uv":[1.75,3.625,1.25,4.0625],"rotation":0,"texture":"#0","tintindex":0},"up":{"uv":[1.1875,5.5625,1.3125,5.0625],"rotation":0,"texture":"#0","tintindex":0},"down":{"uv":[1.375,5.0625,1.5,5.5625],"rotation":0,"texture":"#0","tintindex":0}}}],"display":{"head":{"translation":[0.0,-6.4,0.0],"scale":[4.0,4.0,4.0]}}}