{"textures":{"0":"modelengine:entity/shadow_archer","2":"modelengine:entity/shadow_spirit"},"elements":[{"from":[5.714286,9.606137,5.3487806],"to":[10.285714,12.463281,9.920209],"rotation":{"angle":-45.0,"axis":"y","origin":[8.0,10.177567,7.634495]},"faces":{"east":{"uv":[3.4375,2.5625,3.9375,2.875],"rotation":0,"texture":"#0","tintindex":0},"south":{"uv":[3.875,1.4375,4.375,1.75],"rotation":0,"texture":"#0","tintindex":0},"north":{"uv":[4.375,3.5,3.875,3.8125],"rotation":0,"texture":"#0","tintindex":0},"west":{"uv":[3.875,3.5,4.375,3.8125],"rotation":0,"texture":"#0","tintindex":0},"up":{"uv":[3.875,3.4375,3.375,2.9375],"rotation":0,"texture":"#0","tintindex":0},"down":{"uv":[1.1875,3.4375,0.6875,3.9375],"rotation":0,"texture":"#0","tintindex":0}}},{"from":[5.142857,13.034709,4.777352],"to":[10.857143,13.034709,10.491638],"rotation":{"angle":-45.0,"axis":"y","origin":[8.0,10.177567,7.634495]},"faces":{"east":{"uv":[2.9375,1.5,3.5625,1.5],"rotation":0,"texture":"#0","tintindex":0},"south":{"uv":[4.9375,4.75,5.5625,4.75],"rotation":0,"texture":"#0","tintindex":0},"north":{"uv":[2.6875,1.5625,3.3125,1.5625],"rotation":0,"texture":"#0","tintindex":0},"west":{"uv":[5.125,1.8125,5.75,1.8125],"rotation":0,"texture":"#0","tintindex":0},"up":{"uv":[0.625,2.875,0.0,2.25],"rotation":0,"texture":"#0","tintindex":0},"down":{"uv":[0.625,2.25,0.0,2.875],"rotation":0,"texture":"#0","tintindex":0}}},{"from":[5.142857,7.320423,6.4916377],"to":[5.142857,13.034709,10.491638],"rotation":{"angle":-45.0,"axis":"y","origin":[8.0,10.177567,7.634495]},"faces":{"east":{"uv":[2.3125,2.9375,1.875,3.5625],"rotation":0,"texture":"#0","tintindex":0},"south":{"uv":[2.375,5.25,2.375,5.875],"rotation":0,"texture":"#0","tintindex":0},"north":{"uv":[2.3125,5.25,2.3125,5.875],"rotation":0,"texture":"#0","tintindex":0},"west":{"uv":[1.875,2.9375,2.3125,3.5625],"rotation":0,"texture":"#0","tintindex":0},"up":{"uv":[5.25,1.5,5.25,1.0625],"rotation":0,"texture":"#0","tintindex":0},"down":{"uv":[5.25,2.5625,5.25,3.0],"rotation":0,"texture":"#0","tintindex":0}}},{"from":[5.142857,7.320423,4.777352],"to":[5.142857,9.606137,6.4916377],"rotation":{"angle":-45.0,"axis":"y","origin":[8.0,10.177567,7.634495]},"faces":{"east":{"uv":[2.625,5.0625,2.4375,5.3125],"rotation":0,"texture":"#0","tintindex":0},"south":{"uv":[4.375,1.125,4.375,1.375],"rotation":0,"texture":"#0","tintindex":0},"north":{"uv":[4.3125,1.125,4.3125,1.375],"rotation":0,"texture":"#0","tintindex":0},"west":{"uv":[2.4375,5.0625,2.625,5.3125],"rotation":0,"texture":"#0","tintindex":0},"up":{"uv":[4.5625,0.5,4.5625,0.3125],"rotation":0,"texture":"#0","tintindex":0},"down":{"uv":[0.3125,4.625,0.3125,4.8125],"rotation":0,"texture":"#0","tintindex":0}}},{"from":[5.142857,7.320423,4.777352],"to":[5.142857,13.034709,10.491638],"rotation":{"angle":45.0,"axis":"y","origin":[8.0,10.177567,7.634495]},"faces":{"east":{"uv":[2.75,2.25,3.375,2.875],"rotation":0,"texture":"#0","tintindex":0},"south":{"uv":[2.125,5.25,2.125,5.875],"rotation":0,"texture":"#0","tintindex":0},"north":{"uv":[2.0625,5.25,2.0625,5.875],"rotation":0,"texture":"#0","tintindex":0},"west":{"uv":[3.375,2.25,2.75,2.875],"rotation":0,"texture":"#0","tintindex":0},"up":{"uv":[2.1875,5.875,2.1875,5.25],"rotation":0,"texture":"#0","tintindex":0},"down":{"uv":[2.25,5.25,2.25,5.875],"rotation":0,"texture":"#0","tintindex":0}}},{"from":[10.857143,7.320423,4.777352],"to":[10.857143,13.034709,10.491638],"rotation":{"angle":-45.0,"axis":"y","origin":[8.0,10.177567,7.634495]},"faces":{"east":{"uv":[2.75,2.25,3.375,2.875],"rotation":0,"texture":"#0","tintindex":0},"south":{"uv":[2.125,5.25,2.125,5.875],"rotation":0,"texture":"#0","tintindex":0},"north":{"uv":[2.0625,5.25,2.0625,5.875],"rotation":0,"texture":"#0","tintindex":0},"west":{"uv":[3.375,2.25,2.75,2.875],"rotation":0,"texture":"#0","tintindex":0},"up":{"uv":[2.1875,5.875,2.1875,5.25],"rotation":0,"texture":"#0","tintindex":0},"down":{"uv":[2.25,5.25,2.25,5.875],"rotation":0,"texture":"#0","tintindex":0}}},{"from":[10.857143,7.320423,6.4916377],"to":[10.857143,13.034709,10.491638],"rotation":{"angle":45.0,"axis":"y","origin":[8.0,10.177567,7.634495]},"faces":{"east":{"uv":[2.3125,2.9375,1.875,3.5625],"rotation":0,"texture":"#0","tintindex":0},"south":{"uv":[2.375,5.25,2.375,5.875],"rotation":0,"texture":"#0","tintindex":0},"north":{"uv":[2.3125,5.25,2.3125,5.875],"rotation":0,"texture":"#0","tintindex":0},"west":{"uv":[1.875,2.9375,2.3125,3.5625],"rotation":0,"texture":"#0","tintindex":0},"up":{"uv":[5.25,1.5,5.25,1.0625],"rotation":0,"texture":"#0","tintindex":0},"down":{"uv":[5.25,2.5625,5.25,3.0],"rotation":0,"texture":"#0","tintindex":0}}},{"from":[10.857143,7.320423,4.777352],"to":[10.857143,9.606137,6.4916377],"rotation":{"angle":45.0,"axis":"y","origin":[8.0,10.177567,7.634495]},"faces":{"east":{"uv":[2.625,5.0625,2.4375,5.3125],"rotation":0,"texture":"#0","tintindex":0},"south":{"uv":[4.375,1.125,4.375,1.375],"rotation":0,"texture":"#0","tintindex":0},"north":{"uv":[4.3125,1.125,4.3125,1.375],"rotation":0,"texture":"#0","tintindex":0},"west":{"uv":[2.4375,5.0625,2.625,5.3125],"rotation":0,"texture":"#0","tintindex":0},"up":{"uv":[4.5625,0.5,4.5625,0.3125],"rotation":0,"texture":"#0","tintindex":0},"down":{"uv":[0.3125,4.625,0.3125,4.8125],"rotation":0,"texture":"#0","tintindex":0}}},{"from":[6.285714,7.320423,5.920209],"to":[10.285714,9.606137,9.920209],"rotation":{"angle":-45.0,"axis":"y","origin":[8.0,10.177567,7.634495]},"faces":{"east":{"uv":[4.125,4.4375,4.5625,4.6875],"rotation":0,"texture":"#0","tintindex":0},"south":{"uv":[4.5625,0.0,5.0,0.25],"rotation":0,"texture":"#0","tintindex":0},"north":{"uv":[2.8125,1.9375,3.25,2.1875],"rotation":0,"texture":"#0","tintindex":0},"west":{"uv":[0.375,4.5625,0.8125,4.8125],"rotation":0,"texture":"#0","tintindex":0},"up":{"uv":[2.8125,4.0625,2.375,3.625],"rotation":0,"texture":"#0","tintindex":0},"down":{"uv":[3.3125,3.625,2.875,4.0625],"rotation":0,"texture":"#0","tintindex":0}}},{"from":[8.0,7.9940987,11.871188],"to":[8.0,14.279814,21.014046],"rotation":{"angle":-22.5,"axis":"x","origin":[8.0,4.8512416,11.871188]},"faces":{"east":{"uv":[4.0,3.0,0.0,5.75],"rotation":0,"texture":"#2","tintindex":0},"south":{"uv":[3.9375,2.9375,4.25,3.4375],"rotation":0,"texture":"#2","tintindex":0},"north":{"uv":[3.875,3.875,4.1875,4.375],"rotation":0,"texture":"#2","tintindex":0},"west":{"uv":[0.0,3.0,4.0,5.75],"rotation":0,"texture":"#2","tintindex":0},"up":{"uv":[1.1875,5.0,0.875,4.6875],"rotation":0,"texture":"#2","tintindex":0},"down":{"uv":[1.5625,4.6875,1.25,5.0],"rotation":0,"texture":"#2","tintindex":0}}}],"display":{"head":{"translation":[0.0,-6.4,0.0],"scale":[4.0,4.0,4.0]}}}