{"textures":{"0":"modelengine:entity/shadow_archer","2":"modelengine:entity/shadow_spirit"},"elements":[{"from":[6.719233,4.5053225,6.212922],"to":[10.147804,7.933894,9.641494],"rotation":{"angle":0.0,"axis":"y","origin":[13.7192335,9.933894,7.927208]},"faces":{"east":{"uv":[4.4375,1.125,4.8125,1.5],"rotation":0,"texture":"#0","tintindex":0},"south":{"uv":[4.4375,1.125,4.8125,1.5],"rotation":0,"texture":"#0","tintindex":0},"north":{"uv":[4.4375,1.125,4.8125,1.5],"rotation":0,"texture":"#0","tintindex":0},"west":{"uv":[4.4375,1.125,4.8125,1.5],"rotation":0,"texture":"#0","tintindex":0},"up":{"uv":[4.8125,3.75,4.4375,3.375],"rotation":0,"texture":"#0","tintindex":0},"down":{"uv":[4.0625,4.4375,3.6875,4.8125],"rotation":0,"texture":"#0","tintindex":0}}},{"from":[7.0049477,3.3797965,6.4986362],"to":[9.86209,7.9512253,9.35578],"rotation":{"angle":0.0,"axis":"y","origin":[13.147805,0.5226536,7.6414933]},"faces":{"east":{"uv":[0.0,4.0625,0.3125,4.5625],"rotation":0,"texture":"#0","tintindex":0},"south":{"uv":[1.0625,4.125,1.375,4.625],"rotation":0,"texture":"#0","tintindex":0},"north":{"uv":[4.0,2.375,4.3125,2.875],"rotation":0,"texture":"#0","tintindex":0},"west":{"uv":[1.4375,4.125,1.75,4.625],"rotation":0,"texture":"#0","tintindex":0},"up":{"uv":[1.9375,5.0,1.625,4.6875],"rotation":0,"texture":"#0","tintindex":0},"down":{"uv":[2.3125,4.6875,2.0,5.0],"rotation":0,"texture":"#0","tintindex":0}}},{"from":[8.147804,4.4820437,6.7353296],"to":[8.147804,10.767758,15.878187],"rotation":{"angle":-22.5,"axis":"x","origin":[8.147804,8.767758,11.878187]},"faces":{"east":{"uv":[4.0,3.0,0.0,5.75],"rotation":0,"texture":"#2","tintindex":0},"south":{"uv":[3.9375,2.9375,4.25,3.4375],"rotation":0,"texture":"#2","tintindex":0},"north":{"uv":[3.875,3.875,4.1875,4.375],"rotation":0,"texture":"#2","tintindex":0},"west":{"uv":[0.0,3.0,4.0,5.75],"rotation":0,"texture":"#2","tintindex":0},"up":{"uv":[1.1875,5.0,0.875,4.6875],"rotation":0,"texture":"#2","tintindex":0},"down":{"uv":[1.5625,4.6875,1.25,5.0],"rotation":0,"texture":"#2","tintindex":0}}}],"display":{"head":{"translation":[0.0,-6.4,0.0],"scale":[4.0,4.0,4.0]}}}