{"textures":{"0":"modelengine:entity/shadow_archer"},"elements":[{"from":[6.066525,4.0668435,6.7396045],"to":[8.923668,8.638272,9.596747],"rotation":{"angle":0.0,"axis":"y","origin":[12.209382,-3.3617287,7.882462]},"faces":{"east":{"uv":[3.9375,1.8125,4.25,2.3125],"rotation":0,"texture":"#0","tintindex":0},"south":{"uv":[3.9375,2.9375,4.25,3.4375],"rotation":0,"texture":"#0","tintindex":0},"north":{"uv":[3.875,3.875,4.1875,4.375],"rotation":0,"texture":"#0","tintindex":0},"west":{"uv":[0.6875,4.0,1.0,4.5],"rotation":0,"texture":"#0","tintindex":0},"up":{"uv":[1.1875,5.0,0.875,4.6875],"rotation":0,"texture":"#0","tintindex":0},"down":{"uv":[1.5625,4.6875,1.25,5.0],"rotation":0,"texture":"#0","tintindex":0}}}],"display":{"head":{"translation":[0.0,-6.4,0.0],"scale":[4.0,4.0,4.0]}}}