{"textures":{"0":"modelengine:entity/shadow_archer"},"elements":[{"from":[6.5714283,3.3809524,7.095238],"to":[9.428572,7.952381,9.952381],"rotation":{"angle":0.0,"axis":"y","origin":[9.428572,4.380952,8.238095]},"faces":{"east":{"uv":[4.1875,0.0,4.5,0.5],"rotation":0,"texture":"#0","tintindex":0},"south":{"uv":[4.25,3.875,4.5625,4.375],"rotation":0,"texture":"#0","tintindex":0},"north":{"uv":[3.3125,4.125,3.625,4.625],"rotation":0,"texture":"#0","tintindex":0},"west":{"uv":[4.3125,0.5625,4.625,1.0625],"rotation":0,"texture":"#0","tintindex":0},"up":{"uv":[3.4375,5.0,3.125,4.6875],"rotation":0,"texture":"#0","tintindex":0},"down":{"uv":[5.0625,1.5625,4.75,1.875],"rotation":0,"texture":"#0","tintindex":0}}}],"display":{"head":{"translation":[0.0,-6.4,0.0],"scale":[4.0,4.0,4.0]}}}