{"textures":{"0":"modelengine:entity/shadow_archer"},"elements":[{"from":[6.5714283,3.3809524,7.095238],"to":[9.428572,7.952381,9.952381],"rotation":{"angle":0.0,"axis":"y","origin":[6.5714283,4.380952,8.238095]},"faces":{"east":{"uv":[4.625,0.5625,4.3125,1.0625],"rotation":0,"texture":"#0","tintindex":0},"south":{"uv":[4.5625,3.875,4.25,4.375],"rotation":0,"texture":"#0","tintindex":0},"north":{"uv":[3.625,4.125,3.3125,4.625],"rotation":0,"texture":"#0","tintindex":0},"west":{"uv":[4.5,0.0,4.1875,0.5],"rotation":0,"texture":"#0","tintindex":0},"up":{"uv":[3.125,5.0,3.4375,4.6875],"rotation":0,"texture":"#0","tintindex":0},"down":{"uv":[4.75,1.5625,5.0625,1.875],"rotation":0,"texture":"#0","tintindex":0}}}],"display":{"head":{"translation":[0.0,-6.4,0.0],"scale":[4.0,4.0,4.0]}}}