{"textures":{"0":"modelengine:entity/shadow_archer"},"elements":[{"from":[6.5714283,3.5714283,6.714286],"to":[9.428572,8.142858,9.571428],"rotation":{"angle":0.0,"axis":"y","origin":[6.5714283,9.142858,7.857143]},"faces":{"east":{"uv":[2.5,4.125,2.1875,4.625],"rotation":0,"texture":"#0","tintindex":0},"south":{"uv":[2.875,4.125,2.5625,4.625],"rotation":0,"texture":"#0","tintindex":0},"north":{"uv":[2.125,4.125,1.8125,4.625],"rotation":0,"texture":"#0","tintindex":0},"west":{"uv":[2.5,4.125,2.1875,4.625],"rotation":0,"texture":"#0","tintindex":0},"up":{"uv":[2.375,5.0,2.6875,4.6875],"rotation":0,"texture":"#0","tintindex":0},"down":{"uv":[2.75,4.6875,3.0625,5.0],"rotation":0,"texture":"#0","tintindex":0}}},{"from":[6.5714283,3.5714283,5.5714283],"to":[9.428572,5.285714,6.714286],"rotation":{"angle":0.0,"axis":"y","origin":[6.5714283,9.142858,7.857143]},"faces":{"east":{"uv":[5.25,1.5625,5.125,1.75],"rotation":0,"texture":"#0","tintindex":0},"south":{"uv":[5.375,0.625,5.0625,0.8125],"rotation":0,"texture":"#0","tintindex":0},"north":{"uv":[4.6875,2.6875,4.375,2.875],"rotation":0,"texture":"#0","tintindex":0},"west":{"uv":[3.8125,4.125,3.6875,4.3125],"rotation":0,"texture":"#0","tintindex":0},"up":{"uv":[0.6875,1.875,1.0,1.75],"rotation":0,"texture":"#0","tintindex":0},"down":{"uv":[4.75,5.0625,5.0625,5.1875],"rotation":0,"texture":"#0","tintindex":0}}}],"display":{"head":{"translation":[0.0,-6.4,0.0],"scale":[4.0,4.0,4.0]}}}