{"textures":{"0":"modelengine:entity/shadow_archer","2":"modelengine:entity/shadow_spirit"},"elements":[{"from":[5.8521953,4.5053225,6.212922],"to":[9.2807665,7.933894,9.641494],"rotation":{"angle":0.0,"axis":"y","origin":[2.2807665,9.933894,7.927208]},"faces":{"east":{"uv":[4.8125,1.125,4.4375,1.5],"rotation":0,"texture":"#0","tintindex":0},"south":{"uv":[4.8125,1.125,4.4375,1.5],"rotation":0,"texture":"#0","tintindex":0},"north":{"uv":[4.8125,1.125,4.4375,1.5],"rotation":0,"texture":"#0","tintindex":0},"west":{"uv":[4.8125,1.125,4.4375,1.5],"rotation":0,"texture":"#0","tintindex":0},"up":{"uv":[4.4375,3.75,4.8125,3.375],"rotation":0,"texture":"#0","tintindex":0},"down":{"uv":[3.6875,4.4375,4.0625,4.8125],"rotation":0,"texture":"#0","tintindex":0}}},{"from":[7.8521953,4.4820437,6.7353296],"to":[7.8521953,10.767758,15.878187],"rotation":{"angle":-22.5,"axis":"x","origin":[7.8521953,8.767758,11.878187]},"faces":{"east":{"uv":[4.0,3.0,0.0,5.75],"rotation":0,"texture":"#2","tintindex":0},"south":{"uv":[4.25,2.9375,3.9375,3.4375],"rotation":0,"texture":"#2","tintindex":0},"north":{"uv":[4.1875,3.875,3.875,4.375],"rotation":0,"texture":"#2","tintindex":0},"west":{"uv":[0.0,3.0,4.0,5.75],"rotation":0,"texture":"#2","tintindex":0},"up":{"uv":[0.875,5.0,1.1875,4.6875],"rotation":0,"texture":"#2","tintindex":0},"down":{"uv":[1.25,4.6875,1.5625,5.0],"rotation":0,"texture":"#2","tintindex":0}}},{"from":[6.1379094,3.3797965,6.4986362],"to":[8.995052,7.9512253,9.35578],"rotation":{"angle":0.0,"axis":"y","origin":[2.8521948,0.5226536,7.6414933]},"faces":{"east":{"uv":[1.75,4.125,1.4375,4.625],"rotation":0,"texture":"#0","tintindex":0},"south":{"uv":[1.375,4.125,1.0625,4.625],"rotation":0,"texture":"#0","tintindex":0},"north":{"uv":[4.3125,2.375,4.0,2.875],"rotation":0,"texture":"#0","tintindex":0},"west":{"uv":[0.3125,4.0625,0.0,4.5625],"rotation":0,"texture":"#0","tintindex":0},"up":{"uv":[1.625,5.0,1.9375,4.6875],"rotation":0,"texture":"#0","tintindex":0},"down":{"uv":[2.0,4.6875,2.3125,5.0],"rotation":0,"texture":"#0","tintindex":0}}}],"display":{"head":{"translation":[0.0,-6.4,0.0],"scale":[4.0,4.0,4.0]}}}