{"textures":{"0":"modelengine:entity/shadow_archer"},"elements":[{"from":[5.142857,7.714286,6.285714],"to":[10.857143,11.714286,9.714286],"rotation":{"angle":0.0,"axis":"y","origin":[8.0,4.142857,7.714286]},"faces":{"east":{"uv":[3.75,0.0,4.125,0.4375],"rotation":0,"texture":"#0","tintindex":0},"south":{"uv":[2.9375,1.0,3.5625,1.4375],"rotation":0,"texture":"#0","tintindex":0},"north":{"uv":[0.6875,2.9375,1.3125,3.375],"rotation":0,"texture":"#0","tintindex":0},"west":{"uv":[3.75,0.5,4.125,0.9375],"rotation":0,"texture":"#0","tintindex":0},"up":{"uv":[0.625,4.0,0.0,3.625],"rotation":0,"texture":"#0","tintindex":0},"down":{"uv":[4.25,1.0,3.625,1.375],"rotation":0,"texture":"#0","tintindex":0}}}],"display":{"head":{"translation":[0.0,-6.4,0.0],"scale":[4.0,4.0,4.0]}}}