{"textures":{"0":"modelengine:entity/shadow_archer","2":"modelengine:entity/shadow_spirit"},"elements":[{"from":[7.5714283,7.425187,4.8310604],"to":[8.714286,8.568045,10.545346],"rotation":{"angle":0.0,"axis":"y","origin":[13.428572,13.425188,7.6882033]},"faces":{"east":{"uv":[0.0,1.75,0.625,1.875],"rotation":0,"texture":"#0","tintindex":0},"south":{"uv":[5.125,3.3125,5.25,3.4375],"rotation":0,"texture":"#0","tintindex":0},"north":{"uv":[3.625,1.4375,3.75,1.5625],"rotation":0,"texture":"#0","tintindex":0},"west":{"uv":[4.9375,3.8125,5.5625,3.9375],"rotation":0,"texture":"#0","tintindex":0},"up":{"uv":[3.625,5.3125,3.5,4.6875],"rotation":0,"texture":"#0","tintindex":0},"down":{"uv":[3.8125,4.875,3.6875,5.5],"rotation":0,"texture":"#0","tintindex":0}}},{"from":[7.142857,7.425187,0.8310604],"to":[8.857143,9.139473,4.8310604],"rotation":{"angle":45.0,"axis":"z","origin":[8.428572,8.2823305,2.8310604]},"faces":{"east":{"uv":[4.75,3.0625,5.1875,3.25],"rotation":0,"texture":"#0","tintindex":0},"south":{"uv":[4.4375,1.5625,4.625,1.75],"rotation":0,"texture":"#0","tintindex":0},"north":{"uv":[4.4375,1.5625,4.625,1.75],"rotation":0,"texture":"#0","tintindex":0},"west":{"uv":[4.75,3.0625,5.1875,3.25],"rotation":0,"texture":"#0","tintindex":0},"up":{"uv":[5.0,2.625,4.8125,2.1875],"rotation":0,"texture":"#0","tintindex":0},"down":{"uv":[5.0,2.625,4.8125,2.1875],"rotation":0,"texture":"#0","tintindex":0}}},{"from":[7.5714283,10.175612,-3.2592487],"to":[8.714286,11.318469,1.8836093],"rotation":{"angle":45.0,"axis":"x","origin":[8.142858,10.007871,-2.0763855]},"faces":{"east":{"uv":[4.9375,4.0,5.5,4.125],"rotation":0,"texture":"#0","tintindex":0},"south":{"uv":[4.0625,5.125,4.1875,5.25],"rotation":0,"texture":"#0","tintindex":0},"north":{"uv":[5.125,3.5,5.25,3.625],"rotation":0,"texture":"#0","tintindex":0},"west":{"uv":[4.9375,4.1875,5.5,4.3125],"rotation":0,"texture":"#0","tintindex":0},"up":{"uv":[4.0,5.4375,3.875,4.875],"rotation":0,"texture":"#0","tintindex":0},"down":{"uv":[5.1875,0.0,5.0625,0.5625],"rotation":0,"texture":"#0","tintindex":0}}},{"from":[7.857143,10.436441,-5.2906713],"to":[8.428572,11.579299,-1.2906713],"rotation":{"angle":-22.5,"axis":"x","origin":[8.142858,10.007871,-2.0763855]},"faces":{"east":{"uv":[5.0625,0.875,5.5,1.0],"rotation":0,"texture":"#0","tintindex":0},"south":{"uv":[1.25,3.4375,1.3125,3.5625],"rotation":0,"texture":"#0","tintindex":0},"north":{"uv":[3.3125,1.9375,3.375,2.0625],"rotation":0,"texture":"#0","tintindex":0},"west":{"uv":[1.9375,5.0625,2.375,5.1875],"rotation":0,"texture":"#0","tintindex":0},"up":{"uv":[0.5625,5.5625,0.5,5.125],"rotation":0,"texture":"#0","tintindex":0},"down":{"uv":[0.6875,5.125,0.625,5.5625],"rotation":0,"texture":"#0","tintindex":0}}},{"from":[7.0,12.532301,-4.959424],"to":[9.285714,12.532301,20.183434],"rotation":{"angle":0.0,"axis":"y","origin":[8.142858,12.532301,7.6120048]},"faces":{"east":{"uv":[4.125,5.3125,4.125,8.0625],"rotation":270,"texture":"#0","tintindex":0},"south":{"uv":[3.375,5.3125,3.375,5.5625],"rotation":270,"texture":"#0","tintindex":0},"north":{"uv":[3.3125,5.3125,3.3125,5.5625],"rotation":90,"texture":"#0","tintindex":0},"west":{"uv":[4.0625,8.0625,4.0625,5.3125],"rotation":270,"texture":"#0","tintindex":0},"up":{"uv":[2.75,1.9375,0.0,2.1875],"rotation":270,"texture":"#0","tintindex":0},"down":{"uv":[0.0,1.9375,2.75,2.1875],"rotation":270,"texture":"#0","tintindex":0}}},{"from":[8.125525,3.9099584,1.9739175],"to":[8.125525,6.7671013,4.8310604],"rotation":{"angle":0.0,"axis":"y","origin":[13.411241,13.33853,7.6882033]},"faces":{"east":{"uv":[4.4375,4.75,4.125,5.0625],"rotation":0,"texture":"#0","tintindex":0},"south":{"uv":[4.5625,5.3125,4.5625,5.625],"rotation":0,"texture":"#0","tintindex":0},"north":{"uv":[4.5,5.3125,4.5,5.625],"rotation":0,"texture":"#0","tintindex":0},"west":{"uv":[4.125,4.75,4.4375,5.0625],"rotation":0,"texture":"#0","tintindex":0},"up":{"uv":[4.625,5.625,4.625,5.3125],"rotation":0,"texture":"#0","tintindex":0},"down":{"uv":[4.6875,5.3125,4.6875,5.625],"rotation":0,"texture":"#0","tintindex":0}}},{"from":[7.142857,7.425187,10.545346],"to":[8.857143,9.139473,14.545347],"rotation":{"angle":45.0,"axis":"z","origin":[8.428572,8.2823305,12.545347]},"faces":{"east":{"uv":[5.1875,3.0625,4.75,3.25],"rotation":0,"texture":"#0","tintindex":0},"south":{"uv":[4.625,1.5625,4.4375,1.75],"rotation":0,"texture":"#0","tintindex":0},"north":{"uv":[4.625,1.5625,4.4375,1.75],"rotation":0,"texture":"#0","tintindex":0},"west":{"uv":[5.1875,3.0625,4.75,3.25],"rotation":0,"texture":"#0","tintindex":0},"up":{"uv":[5.0,2.1875,4.8125,2.625],"rotation":0,"texture":"#0","tintindex":0},"down":{"uv":[5.0,2.1875,4.8125,2.625],"rotation":0,"texture":"#0","tintindex":0}}},{"from":[7.5714283,10.175612,13.492798],"to":[8.714286,11.318469,18.635654],"rotation":{"angle":-45.0,"axis":"x","origin":[8.142858,10.007871,17.452793]},"faces":{"east":{"uv":[5.5,4.0,4.9375,4.125],"rotation":0,"texture":"#0","tintindex":0},"south":{"uv":[5.25,3.5,5.125,3.625],"rotation":0,"texture":"#0","tintindex":0},"north":{"uv":[4.1875,5.125,4.0625,5.25],"rotation":0,"texture":"#0","tintindex":0},"west":{"uv":[5.5,4.1875,4.9375,4.3125],"rotation":0,"texture":"#0","tintindex":0},"up":{"uv":[4.0,4.875,3.875,5.4375],"rotation":0,"texture":"#0","tintindex":0},"down":{"uv":[5.1875,0.5625,5.0625,0.0],"rotation":0,"texture":"#0","tintindex":0}}},{"from":[7.857143,10.436441,16.66708],"to":[8.428572,11.579299,20.66708],"rotation":{"angle":22.5,"axis":"x","origin":[8.142858,10.007871,17.452793]},"faces":{"east":{"uv":[5.5,0.875,5.0625,1.0],"rotation":0,"texture":"#0","tintindex":0},"south":{"uv":[3.375,1.9375,3.3125,2.0625],"rotation":0,"texture":"#0","tintindex":0},"north":{"uv":[1.3125,3.4375,1.25,3.5625],"rotation":0,"texture":"#0","tintindex":0},"west":{"uv":[2.375,5.0625,1.9375,5.1875],"rotation":0,"texture":"#0","tintindex":0},"up":{"uv":[0.5625,5.125,0.5,5.5625],"rotation":0,"texture":"#0","tintindex":0},"down":{"uv":[0.6875,5.5625,0.625,5.125],"rotation":0,"texture":"#0","tintindex":0}}},{"from":[8.125525,3.9099584,10.545346],"to":[8.125525,6.7671013,13.40249],"rotation":{"angle":0.0,"axis":"y","origin":[13.411241,13.33853,7.6882033]},"faces":{"east":{"uv":[4.125,4.75,4.4375,5.0625],"rotation":0,"texture":"#0","tintindex":0},"south":{"uv":[4.5,5.3125,4.5,5.625],"rotation":0,"texture":"#0","tintindex":0},"north":{"uv":[4.5625,5.3125,4.5625,5.625],"rotation":0,"texture":"#0","tintindex":0},"west":{"uv":[4.4375,4.75,4.125,5.0625],"rotation":0,"texture":"#0","tintindex":0},"up":{"uv":[4.625,5.3125,4.625,5.625],"rotation":0,"texture":"#0","tintindex":0},"down":{"uv":[4.6875,5.625,4.6875,5.3125],"rotation":0,"texture":"#0","tintindex":0}}},{"from":[8.142858,9.196092,18.744259],"to":[8.142858,18.33895,25.029974],"rotation":{"angle":22.5,"axis":"x","origin":[7.857143,17.76752,20.744259]},"faces":{"east":{"uv":[4.0,3.0,0.0,5.75],"rotation":90,"texture":"#2","tintindex":0},"south":{"uv":[1.5625,4.6875,1.25,5.0],"rotation":0,"texture":"#2","tintindex":0},"north":{"uv":[1.1875,5.0,0.875,4.6875],"rotation":180,"texture":"#2","tintindex":0},"west":{"uv":[0.0,3.0,4.0,5.75],"rotation":270,"texture":"#2","tintindex":0},"up":{"uv":[3.9375,2.9375,4.25,3.4375],"rotation":0,"texture":"#2","tintindex":0},"down":{"uv":[3.875,3.875,4.1875,4.375],"rotation":180,"texture":"#2","tintindex":0}}},{"from":[8.142858,9.196092,-9.653566],"to":[8.142858,18.33895,-3.3678522],"rotation":{"angle":-22.5,"axis":"x","origin":[7.857143,17.76752,-5.367852]},"faces":{"east":{"uv":[4.0,5.75,0.0,3.0],"rotation":90,"texture":"#2","tintindex":0},"south":{"uv":[0.875,5.0,1.1875,4.6875],"rotation":180,"texture":"#2","tintindex":0},"north":{"uv":[1.25,4.6875,1.5625,5.0],"rotation":0,"texture":"#2","tintindex":0},"west":{"uv":[0.0,5.75,4.0,3.0],"rotation":270,"texture":"#2","tintindex":0},"up":{"uv":[3.9375,3.4375,4.25,2.9375],"rotation":0,"texture":"#2","tintindex":0},"down":{"uv":[3.875,4.375,4.1875,3.875],"rotation":180,"texture":"#2","tintindex":0}}}],"display":{"head":{"translation":[0.0,-6.4,0.0],"scale":[4.0,4.0,4.0]}}}