{"textures":{"0":"modelengine:entity/shadow_arrow","2":"modelengine:entity/shadow_spirit"},"elements":[{"from":[7.6706347,7.6179366,1.8063488],"to":[8.382064,8.329365,13.189207],"rotation":{"angle":0.0,"axis":"y","origin":[8.026349,7.973651,7.497778]},"faces":{"east":{"uv":[6.0,5.25,0.0,5.75],"rotation":0,"texture":"#0","tintindex":0},"south":{"uv":[2.25,6.0,2.75,6.5],"rotation":0,"texture":"#0","tintindex":0},"north":{"uv":[1.5,6.0,2.0,6.5],"rotation":0,"texture":"#0","tintindex":0},"west":{"uv":[0.0,5.25,6.0,5.75],"rotation":0,"texture":"#0","tintindex":0},"up":{"uv":[0.5,12.0,0.0,6.0],"rotation":0,"texture":"#0","tintindex":0},"down":{"uv":[0.5,6.0,0.0,12.0],"rotation":0,"texture":"#0","tintindex":0}}},{"from":[8.014492,6.3136506,-0.5650797],"to":[8.014492,9.633651,5.6006346],"rotation":{"angle":0.0,"axis":"y","origin":[7.5520635,7.973651,7.497778]},"faces":{"east":{"uv":[6.75,2.25,3.5,4.0],"rotation":0,"texture":"#0","tintindex":0},"south":{"uv":[4.25,6.0,4.25,8.0],"rotation":0,"texture":"#0","tintindex":0},"north":{"uv":[4.0,6.0,4.0,8.0],"rotation":0,"texture":"#0","tintindex":0},"west":{"uv":[3.5,2.25,6.75,4.0],"rotation":0,"texture":"#0","tintindex":0},"up":{"uv":[4.5,9.25,4.5,6.0],"rotation":0,"texture":"#0","tintindex":0},"down":{"uv":[4.75,6.0,4.75,9.25],"rotation":0,"texture":"#0","tintindex":0}}},{"from":[8.038206,6.3136506,-0.5650797],"to":[8.038206,9.633651,5.6006346],"rotation":{"angle":0.0,"axis":"y","origin":[8.500635,7.973651,7.497778]},"faces":{"east":{"uv":[6.75,2.25,3.5,4.0],"rotation":0,"texture":"#0","tintindex":0},"south":{"uv":[4.25,6.0,4.25,8.0],"rotation":0,"texture":"#0","tintindex":0},"north":{"uv":[4.0,6.0,4.0,8.0],"rotation":0,"texture":"#0","tintindex":0},"west":{"uv":[3.5,2.25,6.75,4.0],"rotation":0,"texture":"#0","tintindex":0},"up":{"uv":[4.5,9.25,4.5,6.0],"rotation":0,"texture":"#0","tintindex":0},"down":{"uv":[4.75,6.0,4.75,9.25],"rotation":0,"texture":"#0","tintindex":0}}},{"from":[6.366349,7.9617934,-0.5650797],"to":[9.686349,7.9617934,5.6006346],"rotation":{"angle":0.0,"axis":"y","origin":[8.026349,7.973651,2.5177774]},"faces":{"east":{"uv":[4.75,6.0,4.75,9.25],"rotation":270,"texture":"#0","tintindex":0},"south":{"uv":[4.25,6.0,4.25,8.0],"rotation":270,"texture":"#0","tintindex":0},"north":{"uv":[4.0,6.0,4.0,8.0],"rotation":90,"texture":"#0","tintindex":0},"west":{"uv":[4.5,9.25,4.5,6.0],"rotation":270,"texture":"#0","tintindex":0},"up":{"uv":[6.75,2.25,3.5,4.0],"rotation":270,"texture":"#0","tintindex":0},"down":{"uv":[3.5,2.25,6.75,4.0],"rotation":270,"texture":"#0","tintindex":0}}},{"from":[6.366349,7.985508,-0.5650797],"to":[9.686349,7.985508,5.6006346],"rotation":{"angle":0.0,"axis":"y","origin":[8.026349,7.973651,2.5177774]},"faces":{"east":{"uv":[4.75,6.0,4.75,9.25],"rotation":270,"texture":"#0","tintindex":0},"south":{"uv":[4.25,6.0,4.25,8.0],"rotation":270,"texture":"#0","tintindex":0},"north":{"uv":[4.0,6.0,4.0,8.0],"rotation":90,"texture":"#0","tintindex":0},"west":{"uv":[4.5,9.25,4.5,6.0],"rotation":270,"texture":"#0","tintindex":0},"up":{"uv":[6.75,2.25,3.5,4.0],"rotation":270,"texture":"#0","tintindex":0},"down":{"uv":[3.5,2.25,6.75,4.0],"rotation":270,"texture":"#0","tintindex":0}}},{"from":[8.026349,6.3136506,10.817778],"to":[8.026349,10.107937,16.983494],"rotation":{"angle":0.0,"axis":"y","origin":[7.5520635,7.973651,7.497778]},"faces":{"east":{"uv":[3.25,2.25,0.0,4.25],"rotation":0,"texture":"#0","tintindex":0},"south":{"uv":[3.25,6.0,3.25,8.0],"rotation":0,"texture":"#0","tintindex":0},"north":{"uv":[3.0,6.0,3.0,8.0],"rotation":0,"texture":"#0","tintindex":0},"west":{"uv":[0.0,2.25,3.25,4.25],"rotation":0,"texture":"#0","tintindex":0},"up":{"uv":[3.5,9.25,3.5,6.0],"rotation":0,"texture":"#0","tintindex":0},"down":{"uv":[3.75,6.0,3.75,9.25],"rotation":0,"texture":"#0","tintindex":0}}},{"from":[8.026349,5.365079,1.8063488],"to":[8.026349,10.582222,9.39492],"rotation":{"angle":0.0,"axis":"y","origin":[7.5520635,7.973651,7.497778]},"faces":{"east":{"uv":[4.0,3.0,0.0,5.75],"rotation":0,"texture":"#2","tintindex":0},"south":{"uv":[3.25,6.0,3.25,8.0],"rotation":0,"texture":"#2","tintindex":0},"north":{"uv":[3.0,6.0,3.0,8.0],"rotation":0,"texture":"#2","tintindex":0},"west":{"uv":[0.0,3.0,4.0,5.75],"rotation":0,"texture":"#2","tintindex":0},"up":{"uv":[3.5,9.25,3.5,6.0],"rotation":0,"texture":"#2","tintindex":0},"down":{"uv":[3.75,6.0,3.75,9.25],"rotation":0,"texture":"#2","tintindex":0}}},{"from":[5.4177775,7.973651,1.8063488],"to":[10.634921,7.973651,9.39492],"rotation":{"angle":0.0,"axis":"y","origin":[8.026349,7.973651,5.6006346]},"faces":{"east":{"uv":[3.75,6.0,3.75,9.25],"rotation":270,"texture":"#2","tintindex":0},"south":{"uv":[3.25,6.0,3.25,8.0],"rotation":270,"texture":"#2","tintindex":0},"north":{"uv":[3.0,6.0,3.0,8.0],"rotation":90,"texture":"#2","tintindex":0},"west":{"uv":[3.5,9.25,3.5,6.0],"rotation":270,"texture":"#2","tintindex":0},"up":{"uv":[4.0,3.0,0.0,5.75],"rotation":270,"texture":"#2","tintindex":0},"down":{"uv":[0.0,3.0,4.0,5.75],"rotation":270,"texture":"#2","tintindex":0}}},{"from":[5.892063,7.973651,10.817778],"to":[9.686349,7.973651,16.983494],"rotation":{"angle":0.0,"axis":"y","origin":[8.026349,8.2107935,13.900635]},"faces":{"east":{"uv":[3.75,6.0,3.75,9.25],"rotation":270,"texture":"#0","tintindex":0},"south":{"uv":[3.25,6.0,3.25,8.0],"rotation":270,"texture":"#0","tintindex":0},"north":{"uv":[3.0,6.0,3.0,8.0],"rotation":90,"texture":"#0","tintindex":0},"west":{"uv":[3.5,9.25,3.5,6.0],"rotation":270,"texture":"#0","tintindex":0},"up":{"uv":[3.25,2.25,0.0,4.25],"rotation":270,"texture":"#0","tintindex":0},"down":{"uv":[0.0,2.25,3.25,4.25],"rotation":270,"texture":"#0","tintindex":0}}}],"display":{"head":{"translation":[0.0,-6.4,0.0],"scale":[4.0,4.0,4.0]}}}