{"textures":{"0":"modelengine:entity/magical_blade"},"elements":[{"from":[7.52,7.2575746,0.32000113],"to":[8.48,8.697575,1.2800012],"rotation":{"angle":0.0,"axis":"y","origin":[8.0,7.977575,0.80000114]},"faces":{"east":{"uv":[7.5,4.75,7.0,5.5],"rotation":0,"texture":"#0","tintindex":0},"south":{"uv":[5.0,7.0,4.5,7.75],"rotation":0,"texture":"#0","tintindex":0},"north":{"uv":[3.5,7.0,3.0,7.75],"rotation":0,"texture":"#0","tintindex":0},"west":{"uv":[4.25,7.0,3.75,7.75],"rotation":0,"texture":"#0","tintindex":0},"up":{"uv":[7.0,7.0,7.5,6.5],"rotation":0,"texture":"#0","tintindex":0},"down":{"uv":[6.75,7.25,7.25,7.75],"rotation":0,"texture":"#0","tintindex":0}}},{"from":[7.52,6.537575,-3.5199995],"to":[8.48,9.417575,-2.5599995],"rotation":{"angle":0.0,"axis":"y","origin":[8.0,7.977575,-3.039999]},"faces":{"east":{"uv":[2.75,7.0,2.25,8.5],"rotation":0,"texture":"#0","tintindex":0},"south":{"uv":[2.0,7.0,1.5,8.5],"rotation":0,"texture":"#0","tintindex":0},"north":{"uv":[0.5,7.0,0.0,8.5],"rotation":0,"texture":"#0","tintindex":0},"west":{"uv":[1.25,7.0,0.75,8.5],"rotation":0,"texture":"#0","tintindex":0},"up":{"uv":[7.0,6.25,7.5,5.75],"rotation":0,"texture":"#0","tintindex":0},"down":{"uv":[6.0,7.0,6.5,7.5],"rotation":0,"texture":"#0","tintindex":0}}},{"from":[7.988,6.7775745,-16.0],"to":[7.988,9.177574,-3.039999],"rotation":{"angle":0.0,"axis":"y","origin":[7.988,7.977575,-9.52]},"faces":{"east":{"uv":[12.75,0.0,6.0,1.25],"rotation":0,"texture":"#0","tintindex":0},"south":{"uv":[5.5,7.75,5.5,9.0],"rotation":0,"texture":"#0","tintindex":0},"north":{"uv":[7.5,3.0,7.5,4.25],"rotation":0,"texture":"#0","tintindex":0},"west":{"uv":[6.0,0.0,12.75,1.25],"rotation":0,"texture":"#0","tintindex":0},"up":{"uv":[5.75,14.5,5.75,7.75],"rotation":0,"texture":"#0","tintindex":0},"down":{"uv":[6.0,7.75,6.0,14.5],"rotation":0,"texture":"#0","tintindex":0}}},{"from":[8.012,6.7775745,-16.0],"to":[8.012,9.177574,-3.039999],"rotation":{"angle":0.0,"axis":"y","origin":[8.012,7.977575,-9.52]},"faces":{"east":{"uv":[12.75,0.0,6.0,1.25],"rotation":0,"texture":"#0","tintindex":0},"south":{"uv":[5.5,7.75,5.5,9.0],"rotation":0,"texture":"#0","tintindex":0},"north":{"uv":[7.5,3.0,7.5,4.25],"rotation":0,"texture":"#0","tintindex":0},"west":{"uv":[6.0,0.0,12.75,1.25],"rotation":0,"texture":"#0","tintindex":0},"up":{"uv":[5.75,14.5,5.75,7.75],"rotation":0,"texture":"#0","tintindex":0},"down":{"uv":[6.0,7.75,6.0,14.5],"rotation":0,"texture":"#0","tintindex":0}}},{"from":[8.0,7.0845523,-15.415346],"to":[8.0,9.664553,-13.783346],"rotation":{"angle":45.0,"axis":"x","origin":[8.0,8.374553,-14.599346]},"faces":{"east":{"uv":[10.75,2.5,8.75,3.75],"rotation":0,"texture":"#0","tintindex":0},"south":{"uv":[5.5,7.75,5.5,9.0],"rotation":0,"texture":"#0","tintindex":0},"north":{"uv":[7.5,3.0,7.5,4.25],"rotation":0,"texture":"#0","tintindex":0},"west":{"uv":[8.75,2.5,10.75,3.75],"rotation":0,"texture":"#0","tintindex":0},"up":{"uv":[5.75,14.5,5.75,7.75],"rotation":0,"texture":"#0","tintindex":0},"down":{"uv":[6.0,7.75,6.0,14.5],"rotation":0,"texture":"#0","tintindex":0}}},{"from":[7.52,7.497575,-2.5599995],"to":[8.48,8.457575,0.32000113],"rotation":{"angle":0.0,"axis":"y","origin":[8.0,7.977575,-1.1199989]},"faces":{"east":{"uv":[7.5,2.25,6.0,2.75],"rotation":0,"texture":"#0","tintindex":0},"south":{"uv":[5.75,7.0,5.25,7.5],"rotation":0,"texture":"#0","tintindex":0},"north":{"uv":[6.5,4.75,6.0,5.25],"rotation":0,"texture":"#0","tintindex":0},"west":{"uv":[7.5,1.5,6.0,2.0],"rotation":0,"texture":"#0","tintindex":0},"up":{"uv":[6.0,4.5,6.5,3.0],"rotation":0,"texture":"#0","tintindex":0},"down":{"uv":[6.75,3.0,7.25,4.5],"rotation":0,"texture":"#0","tintindex":0}}}],"display":{"head":{"translation":[0.0,-6.4,-0.57180786],"scale":[4.0,4.0,4.0]}}}