{"textures":{"0":"modelengine:entity/shadow_knight"},"elements":[{"from":[4.0,8.303045,5.184699],"to":[12.0,13.445903,10.327557],"rotation":{"angle":-45.0,"axis":"x","origin":[8.0,11.160189,7.898985]},"faces":{"east":{"uv":[4.75,0.0,5.875,1.125],"rotation":0,"texture":"#0","tintindex":0},"south":{"uv":[4.625,3.625,2.875,2.5],"rotation":0,"texture":"#0","tintindex":0},"north":{"uv":[4.625,3.625,2.875,2.5],"rotation":0,"texture":"#0","tintindex":0},"west":{"uv":[4.75,1.25,5.875,2.375],"rotation":0,"texture":"#0","tintindex":0},"up":{"uv":[4.625,3.625,2.875,2.5],"rotation":0,"texture":"#0","tintindex":0},"down":{"uv":[4.625,3.625,2.875,2.5],"rotation":0,"texture":"#0","tintindex":0}}}],"display":{"head":{"translation":[0.0,-6.4,0.0],"scale":[4.0,4.0,4.0]}}}