{"textures":{"0":"modelengine:entity/shadow_knight","2":"modelengine:entity/shadow_spirit"},"elements":[{"from":[5.714286,10.177567,5.3487806],"to":[10.285714,13.034709,9.920209],"rotation":{"angle":-45.0,"axis":"y","origin":[8.0,10.748995,7.634495]},"faces":{"east":{"uv":[7.375,0.0,8.375,0.625],"rotation":0,"texture":"#0","tintindex":0},"south":{"uv":[8.375,0.0,7.375,0.625],"rotation":0,"texture":"#0","tintindex":0},"north":{"uv":[8.625,3.375,7.625,4.0],"rotation":0,"texture":"#0","tintindex":0},"west":{"uv":[7.625,3.375,8.625,4.0],"rotation":0,"texture":"#0","tintindex":0},"up":{"uv":[2.25,6.375,1.25,5.375],"rotation":0,"texture":"#0","tintindex":0},"down":{"uv":[3.375,5.375,2.375,6.375],"rotation":0,"texture":"#0","tintindex":0}}},{"from":[6.285714,7.891852,5.920209],"to":[10.285714,10.177567,9.920209],"rotation":{"angle":-45.0,"axis":"y","origin":[8.0,10.748995,7.634495]},"faces":{"east":{"uv":[9.125,5.875,10.0,6.375],"rotation":0,"texture":"#0","tintindex":0},"south":{"uv":[10.0,5.875,9.125,6.375],"rotation":0,"texture":"#0","tintindex":0},"north":{"uv":[10.0,5.875,9.125,6.375],"rotation":0,"texture":"#0","tintindex":0},"west":{"uv":[9.125,5.875,10.0,6.375],"rotation":0,"texture":"#0","tintindex":0},"up":{"uv":[7.0,3.375,6.125,2.5],"rotation":0,"texture":"#0","tintindex":0},"down":{"uv":[6.625,6.625,5.75,7.5],"rotation":0,"texture":"#0","tintindex":0}}},{"from":[5.714286,7.320423,5.3487806],"to":[10.285714,10.177567,5.3487806],"rotation":{"angle":-45.0,"axis":"y","origin":[8.0,10.748995,7.634495]},"faces":{"east":{"uv":[1.5,10.25,1.5,10.875],"rotation":0,"texture":"#0","tintindex":0},"south":{"uv":[8.375,8.625,9.375,9.25],"rotation":0,"texture":"#0","tintindex":0},"north":{"uv":[9.375,8.625,8.375,9.25],"rotation":0,"texture":"#0","tintindex":0},"west":{"uv":[1.625,10.25,1.625,10.875],"rotation":0,"texture":"#0","tintindex":0},"up":{"uv":[9.5,0.75,8.5,0.75],"rotation":0,"texture":"#0","tintindex":0},"down":{"uv":[11.125,2.125,10.125,2.125],"rotation":0,"texture":"#0","tintindex":0}}},{"from":[5.714286,7.320423,5.3487806],"to":[10.285714,10.177567,5.3487806],"rotation":{"angle":45.0,"axis":"y","origin":[8.0,10.748995,7.634495]},"faces":{"east":{"uv":[1.75,10.25,1.75,10.875],"rotation":0,"texture":"#0","tintindex":0},"south":{"uv":[9.375,8.625,8.375,9.25],"rotation":0,"texture":"#0","tintindex":0},"north":{"uv":[8.375,8.625,9.375,9.25],"rotation":0,"texture":"#0","tintindex":0},"west":{"uv":[1.875,10.25,1.875,10.875],"rotation":0,"texture":"#0","tintindex":0},"up":{"uv":[11.125,7.25,10.125,7.25],"rotation":0,"texture":"#0","tintindex":0},"down":{"uv":[11.125,7.375,10.125,7.375],"rotation":0,"texture":"#0","tintindex":0}}},{"from":[0.37780857,7.320423,9.452769],"to":[5.5206656,14.177567,9.452769],"rotation":{"angle":45.0,"axis":"y","origin":[2.9492369,10.748995,9.452769]},"faces":{"east":{"uv":[8.5,10.125,8.5,11.625],"rotation":0,"texture":"#0","tintindex":0},"south":{"uv":[3.0,3.75,1.875,5.25],"rotation":0,"texture":"#0","tintindex":0},"north":{"uv":[1.875,3.75,3.0,5.25],"rotation":0,"texture":"#0","tintindex":0},"west":{"uv":[8.625,10.125,8.625,11.625],"rotation":0,"texture":"#0","tintindex":0},"up":{"uv":[11.25,1.875,10.125,1.875],"rotation":0,"texture":"#0","tintindex":0},"down":{"uv":[11.25,2.0,10.125,2.0],"rotation":0,"texture":"#0","tintindex":0}}},{"from":[10.479334,7.320423,9.452769],"to":[15.622191,14.177567,9.452769],"rotation":{"angle":-45.0,"axis":"y","origin":[13.050763,10.748995,9.452769]},"faces":{"east":{"uv":[8.625,10.125,8.625,11.625],"rotation":0,"texture":"#0","tintindex":0},"south":{"uv":[1.875,3.75,3.0,5.25],"rotation":0,"texture":"#0","tintindex":0},"north":{"uv":[3.0,3.75,1.875,5.25],"rotation":0,"texture":"#0","tintindex":0},"west":{"uv":[8.5,10.125,8.5,11.625],"rotation":0,"texture":"#0","tintindex":0},"up":{"uv":[10.125,1.875,11.25,1.875],"rotation":0,"texture":"#0","tintindex":0},"down":{"uv":[10.125,2.0,11.25,2.0],"rotation":0,"texture":"#0","tintindex":0}}},{"from":[4.5857863,12.463281,5.8162203],"to":[8.585787,17.03471,5.8162203],"rotation":{"angle":45.0,"axis":"y","origin":[6.5857863,15.320423,5.8162203]},"faces":{"east":{"uv":[4.375,10.125,4.375,11.125],"rotation":0,"texture":"#0","tintindex":0},"south":{"uv":[6.5,3.5,5.625,4.5],"rotation":0,"texture":"#0","tintindex":0},"north":{"uv":[5.625,3.5,6.5,4.5],"rotation":0,"texture":"#0","tintindex":0},"west":{"uv":[4.5,10.125,4.5,11.125],"rotation":0,"texture":"#0","tintindex":0},"up":{"uv":[8.25,2.375,7.25,2.375],"rotation":0,"texture":"#0","tintindex":0},"down":{"uv":[8.375,0.75,7.375,0.75],"rotation":0,"texture":"#0","tintindex":0}}},{"from":[7.4142137,12.463281,5.8162203],"to":[11.414213,17.03471,5.8162203],"rotation":{"angle":-45.0,"axis":"y","origin":[9.414213,15.320423,5.8162203]},"faces":{"east":{"uv":[4.5,10.125,4.5,11.125],"rotation":0,"texture":"#0","tintindex":0},"south":{"uv":[5.625,3.5,6.5,4.5],"rotation":0,"texture":"#0","tintindex":0},"north":{"uv":[6.5,3.5,5.625,4.5],"rotation":0,"texture":"#0","tintindex":0},"west":{"uv":[4.375,10.125,4.375,11.125],"rotation":0,"texture":"#0","tintindex":0},"up":{"uv":[7.25,2.375,8.25,2.375],"rotation":0,"texture":"#0","tintindex":0},"down":{"uv":[7.375,0.75,8.375,0.75],"rotation":0,"texture":"#0","tintindex":0}}},{"from":[8.0,9.840675,5.968858],"to":[8.0,16.126389,15.111715],"rotation":{"angle":-45.0,"axis":"x","origin":[8.0,14.1263895,9.968858]},"faces":{"east":{"uv":[4.0,5.5,0.0,2.75],"rotation":0,"texture":"#2","tintindex":0},"south":{"uv":[8.375,10.125,8.375,11.375],"rotation":0,"texture":"#2","tintindex":0},"north":{"uv":[10.125,5.875,10.125,7.125],"rotation":0,"texture":"#2","tintindex":0},"west":{"uv":[0.0,5.5,4.0,2.75],"rotation":0,"texture":"#2","tintindex":0},"up":{"uv":[11.0,8.375,9.875,8.375],"rotation":270,"texture":"#2","tintindex":0},"down":{"uv":[11.125,4.0,10.0,4.0],"rotation":90,"texture":"#2","tintindex":0}}}],"display":{"head":{"translation":[0.0,-6.4,0.0],"scale":[4.0,4.0,4.0]}}}