{"textures":{"0":"modelengine:entity/shadow_knight","2":"modelengine:entity/shadow_spirit"},"elements":[{"from":[5.923668,4.0668435,6.7396045],"to":[8.78081,8.638272,9.596747],"rotation":{"angle":0.0,"axis":"y","origin":[12.209382,-3.3617287,7.882462]},"faces":{"east":{"uv":[2.75,7.625,3.375,8.625],"rotation":0,"texture":"#0","tintindex":0},"south":{"uv":[2.75,6.5,3.375,7.5],"rotation":0,"texture":"#0","tintindex":0},"north":{"uv":[2.75,6.5,3.375,7.5],"rotation":0,"texture":"#0","tintindex":0},"west":{"uv":[2.75,7.625,3.375,8.625],"rotation":0,"texture":"#0","tintindex":0},"up":{"uv":[9.75,8.375,9.125,7.75],"rotation":0,"texture":"#0","tintindex":0},"down":{"uv":[9.75,8.375,9.125,7.75],"rotation":0,"texture":"#0","tintindex":0}}},{"from":[5.3522387,5.7811294,6.168176],"to":[8.209382,9.209701,10.168177],"rotation":{"angle":0.0,"axis":"y","origin":[12.209382,-3.3617287,7.882462]},"faces":{"east":{"uv":[7.125,2.5,8.0,3.25],"rotation":0,"texture":"#0","tintindex":0},"south":{"uv":[0.75,9.0,1.375,9.75],"rotation":0,"texture":"#0","tintindex":0},"north":{"uv":[0.0,9.0,0.625,9.75],"rotation":0,"texture":"#0","tintindex":0},"west":{"uv":[7.125,5.625,8.0,6.375],"rotation":0,"texture":"#0","tintindex":0},"up":{"uv":[8.25,9.625,7.625,8.75],"rotation":0,"texture":"#0","tintindex":0},"down":{"uv":[9.5,4.875,8.875,5.75],"rotation":0,"texture":"#0","tintindex":0}}},{"from":[1.9236674,4.6382723,8.168176],"to":[7.066525,10.352558,8.168176],"rotation":{"angle":-22.5,"axis":"z","origin":[6.209382,7.495415,8.168176]},"faces":{"east":{"uv":[10.125,5.875,10.125,7.125],"rotation":0,"texture":"#0","tintindex":0},"south":{"uv":[5.5,3.75,4.375,5.0],"rotation":0,"texture":"#0","tintindex":0},"north":{"uv":[4.375,3.75,5.5,5.0],"rotation":0,"texture":"#0","tintindex":0},"west":{"uv":[8.375,10.125,8.375,11.375],"rotation":0,"texture":"#0","tintindex":0},"up":{"uv":[11.0,8.375,9.875,8.375],"rotation":0,"texture":"#0","tintindex":0},"down":{"uv":[11.125,4.0,10.0,4.0],"rotation":0,"texture":"#0","tintindex":0}}},{"from":[6.6255884,7.511822,6.2514877],"to":[6.6255884,13.797537,15.394345],"rotation":{"angle":-45.0,"axis":"x","origin":[6.6255884,10.654679,10.822916]},"faces":{"east":{"uv":[4.0,2.75,0.0,5.5],"rotation":0,"texture":"#2","tintindex":0},"south":{"uv":[8.375,10.125,8.375,11.375],"rotation":0,"texture":"#2","tintindex":0},"north":{"uv":[10.125,5.875,10.125,7.125],"rotation":0,"texture":"#2","tintindex":0},"west":{"uv":[0.0,2.75,4.0,5.5],"rotation":0,"texture":"#2","tintindex":0},"up":{"uv":[11.0,8.375,9.875,8.375],"rotation":270,"texture":"#2","tintindex":0},"down":{"uv":[11.125,4.0,10.0,4.0],"rotation":90,"texture":"#2","tintindex":0}}}],"display":{"head":{"translation":[0.0,-6.4,0.0],"scale":[4.0,4.0,4.0]}}}