{"textures":{"0":"modelengine:entity/shadow_knight"},"elements":[{"from":[6.86209,3.3797965,6.4986362],"to":[9.7192335,7.9512253,9.35578],"rotation":{"angle":0.0,"axis":"y","origin":[13.147805,0.5226536,7.6414933]},"faces":{"east":{"uv":[6.875,7.625,7.5,8.625],"rotation":0,"texture":"#0","tintindex":0},"south":{"uv":[7.625,6.5,8.25,7.5],"rotation":0,"texture":"#0","tintindex":0},"north":{"uv":[7.625,6.5,8.25,7.5],"rotation":0,"texture":"#0","tintindex":0},"west":{"uv":[6.875,7.625,7.5,8.625],"rotation":0,"texture":"#0","tintindex":0},"up":{"uv":[9.0,10.0,8.375,9.375],"rotation":0,"texture":"#0","tintindex":0},"down":{"uv":[9.0,10.0,8.375,9.375],"rotation":0,"texture":"#0","tintindex":0}}},{"from":[6.576376,3.9512253,6.212922],"to":[8.86209,7.379797,9.641494],"rotation":{"angle":0.0,"axis":"y","origin":[13.147805,0.5226536,7.6414933]},"faces":{"east":{"uv":[8.75,2.75,9.5,3.5],"rotation":0,"texture":"#0","tintindex":0},"south":{"uv":[2.75,9.5,3.25,10.25],"rotation":0,"texture":"#0","tintindex":0},"north":{"uv":[1.25,4.5,1.75,5.25],"rotation":0,"texture":"#0","tintindex":0},"west":{"uv":[5.0,8.75,5.75,9.5],"rotation":0,"texture":"#0","tintindex":0},"up":{"uv":[10.125,3.5,9.625,2.75],"rotation":0,"texture":"#0","tintindex":0},"down":{"uv":[10.125,4.125,9.625,4.875],"rotation":0,"texture":"#0","tintindex":0}}},{"from":[7.123067,2.8083677,3.4645224],"to":[7.123067,8.522655,6.321666],"rotation":{"angle":-22.5,"axis":"y","origin":[7.123067,4.522654,4.893094]},"faces":{"east":{"uv":[5.625,6.125,5.0,7.375],"rotation":0,"texture":"#0","tintindex":0},"south":{"uv":[8.875,10.125,8.875,11.375],"rotation":0,"texture":"#0","tintindex":0},"north":{"uv":[8.75,10.125,8.75,11.375],"rotation":0,"texture":"#0","tintindex":0},"west":{"uv":[5.0,6.125,5.625,7.375],"rotation":0,"texture":"#0","tintindex":0},"up":{"uv":[4.25,6.0,4.25,5.375],"rotation":0,"texture":"#0","tintindex":0},"down":{"uv":[9.0,10.125,9.0,10.75],"rotation":0,"texture":"#0","tintindex":0}}},{"from":[5.2637243,2.8083677,10.470918],"to":[5.2637243,8.522655,13.32806],"rotation":{"angle":22.5,"axis":"y","origin":[3.8351526,4.522654,6.7566314]},"faces":{"east":{"uv":[5.0,6.125,5.625,7.375],"rotation":0,"texture":"#0","tintindex":0},"south":{"uv":[9.25,10.125,9.25,11.375],"rotation":0,"texture":"#0","tintindex":0},"north":{"uv":[9.125,10.125,9.125,11.375],"rotation":0,"texture":"#0","tintindex":0},"west":{"uv":[5.625,6.125,5.0,7.375],"rotation":0,"texture":"#0","tintindex":0},"up":{"uv":[9.375,10.75,9.375,10.125],"rotation":0,"texture":"#0","tintindex":0},"down":{"uv":[9.5,10.125,9.5,10.75],"rotation":0,"texture":"#0","tintindex":0}}}],"display":{"head":{"translation":[0.0,-6.4,0.0],"scale":[4.0,4.0,4.0]}}}