{"textures":{"0":"modelengine:entity/shadow_knight"},"elements":[{"from":[6.5714283,3.3809524,7.095238],"to":[9.428572,7.952381,9.952381],"rotation":{"angle":0.0,"axis":"y","origin":[9.428572,4.380952,8.238095]},"faces":{"east":{"uv":[2.75,7.625,3.375,8.625],"rotation":0,"texture":"#0","tintindex":0},"south":{"uv":[2.75,6.5,3.375,7.5],"rotation":0,"texture":"#0","tintindex":0},"north":{"uv":[2.75,6.5,3.375,7.5],"rotation":0,"texture":"#0","tintindex":0},"west":{"uv":[2.75,7.625,3.375,8.625],"rotation":0,"texture":"#0","tintindex":0},"up":{"uv":[9.75,8.375,9.125,7.75],"rotation":0,"texture":"#0","tintindex":0},"down":{"uv":[9.75,8.375,9.125,7.75],"rotation":0,"texture":"#0","tintindex":0}}},{"from":[6.285714,4.5238094,6.8095236],"to":[9.714286,7.952381,9.095238],"rotation":{"angle":0.0,"axis":"y","origin":[9.428572,4.380952,8.238095]},"faces":{"east":{"uv":[4.625,9.625,5.125,10.375],"rotation":0,"texture":"#0","tintindex":0},"south":{"uv":[6.75,8.75,7.5,9.5],"rotation":0,"texture":"#0","tintindex":0},"north":{"uv":[5.875,8.75,6.625,9.5],"rotation":0,"texture":"#0","tintindex":0},"west":{"uv":[9.625,5.0,10.125,5.75],"rotation":0,"texture":"#0","tintindex":0},"up":{"uv":[6.0,10.125,5.25,9.625],"rotation":0,"texture":"#0","tintindex":0},"down":{"uv":[6.875,9.625,6.125,10.125],"rotation":0,"texture":"#0","tintindex":0}}},{"from":[2.8571424,3.9523807,6.8095236],"to":[6.285714,8.523809,6.8095236],"rotation":{"angle":0.0,"axis":"y","origin":[9.428572,4.380952,8.238095]},"faces":{"east":{"uv":[9.625,10.125,9.625,11.125],"rotation":0,"texture":"#0","tintindex":0},"south":{"uv":[0.75,6.75,0.0,7.75],"rotation":0,"texture":"#0","tintindex":0},"north":{"uv":[0.0,6.75,0.75,7.75],"rotation":0,"texture":"#0","tintindex":0},"west":{"uv":[9.75,10.125,9.75,11.125],"rotation":0,"texture":"#0","tintindex":0},"up":{"uv":[5.5,3.5,4.75,3.5],"rotation":0,"texture":"#0","tintindex":0},"down":{"uv":[5.5,3.625,4.75,3.625],"rotation":0,"texture":"#0","tintindex":0}}}],"display":{"head":{"translation":[0.0,-6.4,0.0],"scale":[4.0,4.0,4.0]}}}