{"textures":{"0":"modelengine:entity/shadow_knight"},"elements":[{"from":[6.5714283,3.5714283,6.714286],"to":[9.428572,8.142858,9.571428],"rotation":{"angle":0.0,"axis":"y","origin":[9.428572,9.142858,7.857143]},"faces":{"east":{"uv":[6.875,7.625,7.5,8.625],"rotation":0,"texture":"#0","tintindex":0},"south":{"uv":[7.625,6.5,8.25,7.5],"rotation":0,"texture":"#0","tintindex":0},"north":{"uv":[7.625,6.5,8.25,7.5],"rotation":0,"texture":"#0","tintindex":0},"west":{"uv":[6.875,7.625,7.5,8.625],"rotation":0,"texture":"#0","tintindex":0},"up":{"uv":[9.0,10.0,8.375,9.375],"rotation":0,"texture":"#0","tintindex":0},"down":{"uv":[9.0,10.0,8.375,9.375],"rotation":0,"texture":"#0","tintindex":0}}},{"from":[6.5714283,3.5714283,5.5714283],"to":[9.428572,5.285714,6.714286],"rotation":{"angle":0.0,"axis":"y","origin":[9.428572,9.142858,7.857143]},"faces":{"east":{"uv":[0.875,6.75,1.125,7.125],"rotation":0,"texture":"#0","tintindex":0},"south":{"uv":[9.875,9.875,10.5,10.25],"rotation":0,"texture":"#0","tintindex":0},"north":{"uv":[1.875,3.25,2.5,3.625],"rotation":0,"texture":"#0","tintindex":0},"west":{"uv":[0.875,7.25,1.125,7.625],"rotation":0,"texture":"#0","tintindex":0},"up":{"uv":[10.625,3.875,10.0,3.625],"rotation":0,"texture":"#0","tintindex":0},"down":{"uv":[10.75,1.5,10.125,1.75],"rotation":0,"texture":"#0","tintindex":0}}},{"from":[6.285714,5.285714,6.428571],"to":[9.714286,7.5714283,8.714286],"rotation":{"angle":0.0,"axis":"y","origin":[9.428572,9.142858,7.857143]},"faces":{"east":{"uv":[8.125,2.75,8.625,3.25],"rotation":0,"texture":"#0","tintindex":0},"south":{"uv":[0.0,9.875,0.75,10.375],"rotation":0,"texture":"#0","tintindex":0},"north":{"uv":[7.0,9.75,7.75,10.25],"rotation":0,"texture":"#0","tintindex":0},"west":{"uv":[0.875,9.875,1.375,10.375],"rotation":0,"texture":"#0","tintindex":0},"up":{"uv":[10.625,8.25,9.875,7.75],"rotation":0,"texture":"#0","tintindex":0},"down":{"uv":[10.625,9.25,9.875,9.75],"rotation":0,"texture":"#0","tintindex":0}}}],"display":{"head":{"translation":[0.0,-6.4,0.0],"scale":[4.0,4.0,4.0]}}}