{"textures":{"0":"modelengine:entity/shadow_knight"},"elements":[{"from":[6.5714283,3.3809524,7.095238],"to":[9.428572,7.952381,9.952381],"rotation":{"angle":0.0,"axis":"y","origin":[6.5714283,4.380952,8.238095]},"faces":{"east":{"uv":[3.375,7.625,2.75,8.625],"rotation":0,"texture":"#0","tintindex":0},"south":{"uv":[3.375,6.5,2.75,7.5],"rotation":0,"texture":"#0","tintindex":0},"north":{"uv":[3.375,6.5,2.75,7.5],"rotation":0,"texture":"#0","tintindex":0},"west":{"uv":[3.375,7.625,2.75,8.625],"rotation":0,"texture":"#0","tintindex":0},"up":{"uv":[9.125,8.375,9.75,7.75],"rotation":0,"texture":"#0","tintindex":0},"down":{"uv":[9.125,8.375,9.75,7.75],"rotation":0,"texture":"#0","tintindex":0}}},{"from":[6.285714,4.5238094,6.8095236],"to":[9.714286,7.952381,9.095238],"rotation":{"angle":0.0,"axis":"y","origin":[6.5714283,4.380952,8.238095]},"faces":{"east":{"uv":[10.125,5.0,9.625,5.75],"rotation":0,"texture":"#0","tintindex":0},"south":{"uv":[7.5,8.75,6.75,9.5],"rotation":0,"texture":"#0","tintindex":0},"north":{"uv":[6.625,8.75,5.875,9.5],"rotation":0,"texture":"#0","tintindex":0},"west":{"uv":[5.125,9.625,4.625,10.375],"rotation":0,"texture":"#0","tintindex":0},"up":{"uv":[5.25,10.125,6.0,9.625],"rotation":0,"texture":"#0","tintindex":0},"down":{"uv":[6.125,9.625,6.875,10.125],"rotation":0,"texture":"#0","tintindex":0}}},{"from":[9.714286,3.9523807,6.8095236],"to":[13.142858,8.523809,6.8095236],"rotation":{"angle":0.0,"axis":"y","origin":[6.5714283,4.380952,8.238095]},"faces":{"east":{"uv":[9.75,10.125,9.75,11.125],"rotation":0,"texture":"#0","tintindex":0},"south":{"uv":[0.0,6.75,0.75,7.75],"rotation":0,"texture":"#0","tintindex":0},"north":{"uv":[0.75,6.75,0.0,7.75],"rotation":0,"texture":"#0","tintindex":0},"west":{"uv":[9.625,10.125,9.625,11.125],"rotation":0,"texture":"#0","tintindex":0},"up":{"uv":[4.75,3.5,5.5,3.5],"rotation":0,"texture":"#0","tintindex":0},"down":{"uv":[4.75,3.625,5.5,3.625],"rotation":0,"texture":"#0","tintindex":0}}}],"display":{"head":{"translation":[0.0,-6.4,0.0],"scale":[4.0,4.0,4.0]}}}