{"textures":{"0":"modelengine:entity/shadow_knight","2":"modelengine:entity/shadow_spirit"},"elements":[{"from":[7.219189,4.0668435,6.7396045],"to":[10.076332,8.638272,9.596747],"rotation":{"angle":0.0,"axis":"y","origin":[3.790618,-3.3617287,7.882462]},"faces":{"east":{"uv":[3.375,7.625,2.75,8.625],"rotation":0,"texture":"#0","tintindex":0},"south":{"uv":[3.375,6.5,2.75,7.5],"rotation":0,"texture":"#0","tintindex":0},"north":{"uv":[3.375,6.5,2.75,7.5],"rotation":0,"texture":"#0","tintindex":0},"west":{"uv":[3.375,7.625,2.75,8.625],"rotation":0,"texture":"#0","tintindex":0},"up":{"uv":[9.125,8.375,9.75,7.75],"rotation":0,"texture":"#0","tintindex":0},"down":{"uv":[9.125,8.375,9.75,7.75],"rotation":0,"texture":"#0","tintindex":0}}},{"from":[7.790618,5.7811294,6.168176],"to":[10.647761,9.209701,10.168177],"rotation":{"angle":0.0,"axis":"y","origin":[3.790618,-3.3617287,7.882462]},"faces":{"east":{"uv":[8.0,5.625,7.125,6.375],"rotation":0,"texture":"#0","tintindex":0},"south":{"uv":[1.375,9.0,0.75,9.75],"rotation":0,"texture":"#0","tintindex":0},"north":{"uv":[0.625,9.0,0.0,9.75],"rotation":0,"texture":"#0","tintindex":0},"west":{"uv":[8.0,2.5,7.125,3.25],"rotation":0,"texture":"#0","tintindex":0},"up":{"uv":[7.625,9.625,8.25,8.75],"rotation":0,"texture":"#0","tintindex":0},"down":{"uv":[8.875,4.875,9.5,5.75],"rotation":0,"texture":"#0","tintindex":0}}},{"from":[8.9334755,4.6382723,8.168176],"to":[14.076332,10.352558,8.168176],"rotation":{"angle":22.5,"axis":"z","origin":[9.790618,7.495415,8.168176]},"faces":{"east":{"uv":[8.375,10.125,8.375,11.375],"rotation":0,"texture":"#0","tintindex":0},"south":{"uv":[4.375,3.75,5.5,5.0],"rotation":0,"texture":"#0","tintindex":0},"north":{"uv":[5.5,3.75,4.375,5.0],"rotation":0,"texture":"#0","tintindex":0},"west":{"uv":[10.125,5.875,10.125,7.125],"rotation":0,"texture":"#0","tintindex":0},"up":{"uv":[9.875,8.375,11.0,8.375],"rotation":0,"texture":"#0","tintindex":0},"down":{"uv":[10.0,4.0,11.125,4.0],"rotation":0,"texture":"#0","tintindex":0}}},{"from":[9.374412,7.511822,6.2514877],"to":[9.374412,13.797537,15.394345],"rotation":{"angle":-45.0,"axis":"x","origin":[9.374412,10.654679,10.822916]},"faces":{"east":{"uv":[4.0,2.75,0.0,5.5],"rotation":0,"texture":"#2","tintindex":0},"south":{"uv":[8.375,10.125,8.375,11.375],"rotation":0,"texture":"#2","tintindex":0},"north":{"uv":[10.125,5.875,10.125,7.125],"rotation":0,"texture":"#2","tintindex":0},"west":{"uv":[0.0,2.75,4.0,5.5],"rotation":0,"texture":"#2","tintindex":0},"up":{"uv":[11.0,8.375,9.875,8.375],"rotation":270,"texture":"#2","tintindex":0},"down":{"uv":[11.125,4.0,10.0,4.0],"rotation":90,"texture":"#2","tintindex":0}}}],"display":{"head":{"translation":[0.0,-6.4,0.0],"scale":[4.0,4.0,4.0]}}}