{"textures":{"0":"modelengine:entity/shadow_knight"},"elements":[{"from":[5.142857,7.714286,6.285714],"to":[10.857143,11.714286,9.714286],"rotation":{"angle":0.0,"axis":"y","origin":[8.0,4.142857,7.714286]},"faces":{"east":{"uv":[6.75,6.625,7.5,7.5],"rotation":0,"texture":"#0","tintindex":0},"south":{"uv":[4.75,2.5,6.0,3.375],"rotation":0,"texture":"#0","tintindex":0},"north":{"uv":[4.75,2.5,6.0,3.375],"rotation":0,"texture":"#0","tintindex":0},"west":{"uv":[6.875,4.625,7.625,5.5],"rotation":0,"texture":"#0","tintindex":0},"up":{"uv":[7.0,6.5,5.75,5.75],"rotation":0,"texture":"#0","tintindex":0},"down":{"uv":[7.0,6.5,5.75,5.75],"rotation":0,"texture":"#0","tintindex":0}}}],"display":{"head":{"translation":[0.0,-6.4,0.0],"scale":[4.0,4.0,4.0]}}}