{"textures":{"0":"modelengine:entity/shadow_knight","2":"modelengine:entity/shadow_spirit"},"elements":[{"from":[7.428571,7.4425187,1.4024892],"to":[8.571428,8.585376,17.402489],"rotation":{"angle":0.0,"axis":"y","origin":[12.857143,4.0139475,7.402489]},"faces":{"east":{"uv":[6.0,1.25,9.5,1.5],"rotation":0,"texture":"#0","tintindex":0},"south":{"uv":[5.0,8.25,5.25,8.5],"rotation":0,"texture":"#0","tintindex":0},"north":{"uv":[7.75,5.25,8.0,5.5],"rotation":0,"texture":"#0","tintindex":0},"west":{"uv":[6.0,1.25,9.5,1.5],"rotation":0,"texture":"#0","tintindex":0},"up":{"uv":[3.75,8.875,3.5,5.375],"rotation":0,"texture":"#0","tintindex":0},"down":{"uv":[3.75,5.375,3.5,8.875],"rotation":0,"texture":"#0","tintindex":0}}},{"from":[7.9857144,4.87109,-11.740368],"to":[7.9857144,11.156805,0.8310604],"rotation":{"angle":0.0,"axis":"y","origin":[12.857143,4.0139475,7.402489]},"faces":{"east":{"uv":[2.75,1.625,0.0,3.0],"rotation":0,"texture":"#0","tintindex":0},"south":{"uv":[2.125,10.25,2.125,11.75],"rotation":0,"texture":"#0","tintindex":0},"north":{"uv":[2.0,10.25,2.0,11.75],"rotation":0,"texture":"#0","tintindex":0},"west":{"uv":[0.0,1.625,2.75,3.0],"rotation":0,"texture":"#0","tintindex":0},"up":{"uv":[2.25,13.0,2.25,10.25],"rotation":0,"texture":"#0","tintindex":0},"down":{"uv":[2.375,10.25,2.375,13.0],"rotation":0,"texture":"#0","tintindex":0}}},{"from":[7.142857,7.1568046,-2.5975113],"to":[8.857143,8.87109,2.5453463],"rotation":{"angle":0.0,"axis":"y","origin":[12.857143,4.0139475,7.402489]},"faces":{"east":{"uv":[10.25,2.25,9.125,2.625],"rotation":0,"texture":"#0","tintindex":0},"south":{"uv":[7.875,9.75,8.25,10.125],"rotation":0,"texture":"#0","tintindex":0},"north":{"uv":[2.25,7.875,2.625,8.25],"rotation":0,"texture":"#0","tintindex":0},"west":{"uv":[9.125,2.25,10.25,2.625],"rotation":0,"texture":"#0","tintindex":0},"up":{"uv":[1.875,10.125,1.5,9.0],"rotation":0,"texture":"#0","tintindex":0},"down":{"uv":[1.875,9.0,1.5,10.125],"rotation":0,"texture":"#0","tintindex":0}}},{"from":[8.0,6.2996616,15.1167755],"to":[8.0,9.728233,20.259632],"rotation":{"angle":0.0,"axis":"y","origin":[12.857143,4.0139475,7.402489]},"faces":{"east":{"uv":[7.125,1.625,6.0,2.375],"rotation":0,"texture":"#0","tintindex":0},"south":{"uv":[4.0,10.125,4.0,10.875],"rotation":0,"texture":"#0","tintindex":0},"north":{"uv":[3.875,10.125,3.875,10.875],"rotation":0,"texture":"#0","tintindex":0},"west":{"uv":[6.0,1.625,7.125,2.375],"rotation":0,"texture":"#0","tintindex":0},"up":{"uv":[4.125,11.25,4.125,10.125],"rotation":0,"texture":"#0","tintindex":0},"down":{"uv":[4.25,10.125,4.25,11.25],"rotation":0,"texture":"#0","tintindex":0}}},{"from":[8.0,2.7671013,-4.167197],"to":[8.0,9.052815,4.9756594],"rotation":{"angle":-45.0,"axis":"x","origin":[8.142858,9.33853,-5.881483]},"faces":{"east":{"uv":[4.0,2.75,0.0,5.5],"rotation":0,"texture":"#2","tintindex":0},"south":{"uv":[8.375,10.125,8.375,11.375],"rotation":180,"texture":"#2","tintindex":0},"north":{"uv":[10.125,5.875,10.125,7.125],"rotation":180,"texture":"#2","tintindex":0},"west":{"uv":[0.0,2.75,4.0,5.5],"rotation":0,"texture":"#2","tintindex":0},"up":{"uv":[10.0,4.0,11.125,4.0],"rotation":90,"texture":"#2","tintindex":0},"down":{"uv":[9.875,8.375,11.0,8.375],"rotation":270,"texture":"#2","tintindex":0}}},{"from":[8.014286,4.87109,-11.740368],"to":[8.014286,11.156805,0.8310604],"rotation":{"angle":0.0,"axis":"y","origin":[12.857143,4.0139475,7.402489]},"faces":{"east":{"uv":[2.75,1.625,0.0,3.0],"rotation":0,"texture":"#0","tintindex":0},"south":{"uv":[2.125,10.25,2.125,11.75],"rotation":0,"texture":"#0","tintindex":0},"north":{"uv":[2.0,10.25,2.0,11.75],"rotation":0,"texture":"#0","tintindex":0},"west":{"uv":[0.0,1.625,2.75,3.0],"rotation":0,"texture":"#0","tintindex":0},"up":{"uv":[2.25,13.0,2.25,10.25],"rotation":0,"texture":"#0","tintindex":0},"down":{"uv":[2.375,10.25,2.375,13.0],"rotation":0,"texture":"#0","tintindex":0}}}],"display":{"head":{"translation":[0.0,-6.4,0.0],"scale":[4.0,4.0,4.0]}}}