{"textures":{"0":"modelengine:entity/necromancer"},"elements":[{"from":[6.5714283,6.285714,5.142857],"to":[9.428572,8.0,8.571428],"rotation":{"angle":0.0,"axis":"y","origin":[8.0,7.142857,6.857143]},"faces":{"east":{"uv":[6.752,6.252,7.123,6.4355],"rotation":0,"texture":"#0","tintindex":0},"south":{"uv":[7.002,3.6895,7.3105,3.873],"rotation":0,"texture":"#0","tintindex":0},"north":{"uv":[6.8145,1.8145,7.123,1.998],"rotation":0,"texture":"#0","tintindex":0},"west":{"uv":[6.8145,0.8145,7.1855,0.998],"rotation":0,"texture":"#0","tintindex":0},"up":{"uv":[6.4355,0.8105,6.127,0.4395],"rotation":0,"texture":"#0","tintindex":0},"down":{"uv":[6.498,0.002,6.1895,0.373],"rotation":0,"texture":"#0","tintindex":0}}}],"display":{"head":{"translation":[0.0,-6.4,0.0],"scale":[4.0,4.0,4.0]}}}