{
	"credit": "Made by samus2002",
	"textures": {
		"0": "mage_texture/blink3",
		"particle": "mage_texture/blink3"
	},
	"elements": [
		{
			"from": [-7, 11, -7],
			"to": [23, 11, 23],
			"rotation": {"angle": 0, "axis": "y", "origin": [8, 8, 8]},
			"faces": {
				"north": {"uv": [0, 0, 16, 0], "texture": "#0"},
				"east": {"uv": [0, 0, 16, 0], "texture": "#0"},
				"south": {"uv": [0, 0, 16, 0], "texture": "#0"},
				"west": {"uv": [0, 0, 16, 0], "texture": "#0"},
				"up": {"uv": [2.25, 2.5, 13.25, 13.5], "texture": "#0"},
				"down": {"uv": [2.25, 13.5, 13.25, 2.5], "texture": "#0"}
			}
		},
		{
			"from": [-2, 9, -7],
			"to": [28, 9, 23],
			"rotation": {"angle": 0, "axis": "y", "origin": [8, 11, 8]},
			"faces": {
				"north": {"uv": [0, 0, 16, 0], "texture": "#0"},
				"east": {"uv": [0, 0, 16, 0], "texture": "#0"},
				"south": {"uv": [0, 0, 16, 0], "texture": "#0"},
				"west": {"uv": [0, 0, 16, 0], "texture": "#0"},
				"up": {"uv": [2.25, 2.5, 13.25, 13.5], "rotation": 180, "texture": "#0"},
				"down": {"uv": [2.25, 13.5, 13.25, 2.5], "rotation": 180, "texture": "#0"}
			}
		}
	],
	"display": {
		"thirdperson_righthand": {
			"rotation": [90, 0, 0],
			"translation": [-13, -2.25, -1.5],
			"scale": [3.2, 3.2, 3.2]
		},
		"head": {
			"translation": [-12, -17.25, 0],
			"scale": [3, 3, 3]
		}
	}
}