{
	"credit": "Made by samus2002",
	"texture_size": [32, 32],
	"textures": {
		"0": "mage_texture/fireball",
		"1": "mage_texture/fireball_a",
		"particle": "mage_texture/fireball"
	},
	"elements": [
		{
			"from": [4, 4, 4],
			"to": [12, 12, 12],
			"rotation": {"angle": 0, "axis": "y", "origin": [8, 8, 8]},
			"faces": {
				"north": {"uv": [2.75, 5.5, 4.75, 7.5], "texture": "#0"},
				"east": {"uv": [5.5, 2.75, 7.5, 4.75], "texture": "#0"},
				"south": {"uv": [5, 5.5, 7, 7.5], "texture": "#0"},
				"west": {"uv": [7.25, 5, 9.25, 7], "texture": "#0"},
				"up": {"uv": [9.25, 9.25, 7.25, 7.25], "texture": "#0"},
				"down": {"uv": [4.75, 7.75, 2.75, 9.75], "texture": "#0"}
			}
		},
		{
			"from": [3, 3, 3],
			"to": [13, 13, 13],
			"rotation": {"angle": 0, "axis": "y", "origin": [8, 8, 8]},
			"faces": {
				"north": {"uv": [5.5, 5.5, 10.5, 10.5], "texture": "#1"},
				"east": {"uv": [5.5, 5.5, 10.5, 10.5], "texture": "#1"},
				"south": {"uv": [5.5, 5.5, 10.5, 10.5], "texture": "#1"},
				"west": {"uv": [5.5, 5.5, 10.5, 10.5], "texture": "#1"},
				"up": {"uv": [5.5, 5.5, 10.5, 10.5], "texture": "#1"},
				"down": {"uv": [5.5, 5.5, 10.5, 10.5], "texture": "#1"}
			}
		}
	],
	"display": {
		"head": {
			"translation": [0, -17.5, -0.5],
			"scale": [1.6, 1.6, 1.6]
		}
	}
}