{
	"credit": "Made by samus2002",
	"texture_size": [64, 64],
	"textures": {
		"0": "mage_texture/frost_nova",
		"particle": "mage_texture/frost_nova"
	},
	"elements": [
		{
			"from": [-2.5, -2.5, 8],
			"to": [18.5, 18.5, 8],
			"rotation": {"angle": 0, "axis": "y", "origin": [8, 8, 8]},
			"faces": {
				"north": {"uv": [0, 2, 5.25, 7.25], "texture": "#0"},
				"east": {"uv": [5.5, 0, 5.5, 5.25], "texture": "#0"},
				"south": {"uv": [5.25, 2, 0, 7.25], "texture": "#0"},
				"west": {"uv": [5.5, 5.5, 5.5, 10.75], "texture": "#0"},
				"up": {"uv": [11, 0, 5.75, 0], "texture": "#0"},
				"down": {"uv": [11, 0.25, 5.75, 0.25], "texture": "#0"}
			}
		},
		{
			"from": [8, -2.5, -2.5],
			"to": [8, 18.5, 18.5],
			"rotation": {"angle": 0, "axis": "y", "origin": [8, 8, 8]},
			"faces": {
				"north": {"uv": [5.5, 5.5, 5.5, 10.75], "texture": "#0"},
				"east": {"uv": [0, 2, 5.25, 7.25], "texture": "#0"},
				"south": {"uv": [5.5, 0, 5.5, 5.25], "texture": "#0"},
				"west": {"uv": [5.25, 2, 0, 7.25], "texture": "#0"},
				"up": {"uv": [11, 0, 5.75, 0], "rotation": 90, "texture": "#0"},
				"down": {"uv": [11, 0.25, 5.75, 0.25], "rotation": 270, "texture": "#0"}
			}
		}
	],
	"display": {
		"thirdperson_righthand": {
			"rotation": [90, 45, 0],
			"translation": [-6.25, -2.5, -21],
			"scale": [2, 2, 2]
		},
		"head": {
			"rotation": [0, 45, 0],
			"translation": [0, -32.25, 0],
			"scale": [2.3, 2.3, 2.3]
		}
	}
}