{
	"credit": "Made by samus2002",
	"textures": {
		"0": "warrior_texture/whirlwind3",
		"1": "warrior_texture/whirlwind3_2",
		"particle": "warrior_texture/whirlwind3"
	},
	"elements": [
		{
			"from": [-8, -8.5, 6],
			"to": [24, 24.5, 6],
			"rotation": {"angle": 0, "axis": "y", "origin": [8.5, 9, 8]},
			"faces": {
				"north": {"uv": [0.032, 0.032, 16, 16], "texture": "#0"},
				"east": {"uv": [7.032, 7.782, 9, 10.25], "texture": "#0"},
				"south": {"uv": [16, 0.032, 0.032, 16], "texture": "#0"},
				"west": {"uv": [7.032, 7.782, 9, 10.25], "texture": "#0"},
				"up": {"uv": [7.032, 7.782, 9, 10.25], "texture": "#0"},
				"down": {"uv": [7.032, 7.782, 9, 10.25], "texture": "#0"}
			}
		},
		{
			"from": [-11.5, -11.5, 8],
			"to": [27.5, 27.5, 8],
			"rotation": {"angle": 22.5, "axis": "z", "origin": [8, 8, 8]},
			"faces": {
				"north": {"uv": [0.032, 0.032, 16, 16], "rotation": 270, "texture": "#1"},
				"east": {"uv": [7.032, 7.782, 9, 10.25], "rotation": 90, "texture": "#1"},
				"south": {"uv": [16, 0.032, 0.032, 16], "rotation": 90, "texture": "#1"},
				"west": {"uv": [7.032, 7.782, 9, 10.25], "rotation": 90, "texture": "#1"},
				"up": {"uv": [7.032, 7.782, 9, 10.25], "rotation": 90, "texture": "#1"},
				"down": {"uv": [7.032, 7.782, 9, 10.25], "rotation": 90, "texture": "#1"}
			}
		}
	],
	"display": {
		"thirdperson_righthand": {
			"translation": [-8, -80, 5],
			"scale": [4, 4, 4]
		},
		"head": {
			"rotation": [90, 180, -156],
			"translation": [1.5, -19, 57.25],
			"scale": [3.8, 3.8, 3.8]
		}
	}
}