{"parent":"minecraft:item/generated","textures":{"layer0":"minecraft:item/leather_horse_armor"},"overrides":[{"predicate":{"custom_model_data":1},"model":"modelengine:eternal_wheel/body"},{"predicate":{"custom_model_data":2},"model":"modelengine:guardian_shield/shield"},{"predicate":{"custom_model_data":3},"model":"modelengine:magical_blade/body"},{"predicate":{"custom_model_data":4},"model":"modelengine:magical_blades/body"},{"predicate":{"custom_model_data":5},"model":"modelengine:magical_blades/body2"},{"predicate":{"custom_model_data":6},"model":"modelengine:magical_blades/body3"},{"predicate":{"custom_model_data":7},"model":"modelengine:magical_blades/body4"},{"predicate":{"custom_model_data":8},"model":"modelengine:magical_blades/body5"},{"predicate":{"custom_model_data":9},"model":"modelengine:phoenix/chest"},{"predicate":{"custom_model_data":10},"model":"modelengine:phoenix/head"},{"predicate":{"custom_model_data":11},"model":"modelengine:phoenix/jaw"},{"predicate":{"custom_model_data":12},"model":"modelengine:phoenix/neck"},{"predicate":{"custom_model_data":13},"model":"modelengine:phoenix/left_wing"},{"predicate":{"custom_model_data":14},"model":"modelengine:phoenix/left_wing_mid"},{"predicate":{"custom_model_data":15},"model":"modelengine:phoenix/left_wing_end"},{"predicate":{"custom_model_data":16},"model":"modelengine:phoenix/right_wing"},{"predicate":{"custom_model_data":17},"model":"modelengine:phoenix/right_wing_mid"},{"predicate":{"custom_model_data":18},"model":"modelengine:phoenix/right_wing_end"},{"predicate":{"custom_model_data":19},"model":"modelengine:phoenix/body"},{"predicate":{"custom_model_data":20},"model":"modelengine:phoenix/tail_mid"},{"predicate":{"custom_model_data":21},"model":"modelengine:phoenix/tail_mid_end"},{"predicate":{"custom_model_data":22},"model":"modelengine:phoenix/tail_left"},{"predicate":{"custom_model_data":23},"model":"modelengine:phoenix/tail_left_end"},{"predicate":{"custom_model_data":24},"model":"modelengine:phoenix/tail_right"},{"predicate":{"custom_model_data":25},"model":"modelengine:phoenix/tail_right_end"},{"predicate":{"custom_model_data":26},"model":"modelengine:phoenix/tail_left_last_end"},{"predicate":{"custom_model_data":27},"model":"modelengine:phoenix/tail_left_last"},{"predicate":{"custom_model_data":28},"model":"modelengine:phoenix/tail_right_last_end"},{"predicate":{"custom_model_data":29},"model":"modelengine:phoenix/tail_right_last"},{"predicate":{"custom_model_data":30},"model":"modelengine:shadow_archer/head"},{"predicate":{"custom_model_data":31},"model":"modelengine:shadow_archer/chest"},{"predicate":{"custom_model_data":32},"model":"modelengine:shadow_archer/cape"},{"predicate":{"custom_model_data":33},"model":"modelengine:shadow_archer/cape_end"},{"predicate":{"custom_model_data":34},"model":"modelengine:shadow_archer/weapon"},{"predicate":{"custom_model_data":35},"model":"modelengine:shadow_archer/left_wrist"},{"predicate":{"custom_model_data":36},"model":"modelengine:shadow_archer/left_arm"},{"predicate":{"custom_model_data":37},"model":"modelengine:shadow_archer/right_wrist"},{"predicate":{"custom_model_data":38},"model":"modelengine:shadow_archer/right_arm"},{"predicate":{"custom_model_data":39},"model":"modelengine:shadow_archer/upper_body"},{"predicate":{"custom_model_data":40},"model":"modelengine:shadow_archer/left_ankle"},{"predicate":{"custom_model_data":41},"model":"modelengine:shadow_archer/left_leg"},{"predicate":{"custom_model_data":42},"model":"modelengine:shadow_archer/right_ankle"},{"predicate":{"custom_model_data":43},"model":"modelengine:shadow_archer/right_leg"},{"predicate":{"custom_model_data":44},"model":"modelengine:shadow_arrow/body"},{"predicate":{"custom_model_data":45},"model":"modelengine:shadow_blade/body"},{"predicate":{"custom_model_data":46},"model":"modelengine:shadow_dragon/jaw"},{"predicate":{"custom_model_data":47},"model":"modelengine:shadow_dragon/head"},{"predicate":{"custom_model_data":48},"model":"modelengine:shadow_dragon/upper_neck"},{"predicate":{"custom_model_data":49},"model":"modelengine:shadow_dragon/neck"},{"predicate":{"custom_model_data":50},"model":"modelengine:shadow_dragon/chest"},{"predicate":{"custom_model_data":51},"model":"modelengine:shadow_dragon/left_wing_end"},{"predicate":{"custom_model_data":52},"model":"modelengine:shadow_dragon/left_wing_mid"},{"predicate":{"custom_model_data":53},"model":"modelengine:shadow_dragon/left_wing"},{"predicate":{"custom_model_data":54},"model":"modelengine:shadow_dragon/right_wing_end"},{"predicate":{"custom_model_data":55},"model":"modelengine:shadow_dragon/right_wing_mid"},{"predicate":{"custom_model_data":56},"model":"modelengine:shadow_dragon/right_wing"},{"predicate":{"custom_model_data":57},"model":"modelengine:shadow_dragon/left_hand"},{"predicate":{"custom_model_data":58},"model":"modelengine:shadow_dragon/left_wrist"},{"predicate":{"custom_model_data":59},"model":"modelengine:shadow_dragon/left_arm"},{"predicate":{"custom_model_data":60},"model":"modelengine:shadow_dragon/right_hand"},{"predicate":{"custom_model_data":61},"model":"modelengine:shadow_dragon/right_wrist"},{"predicate":{"custom_model_data":62},"model":"modelengine:shadow_dragon/right_arm"},{"predicate":{"custom_model_data":63},"model":"modelengine:shadow_dragon/stomach"},{"predicate":{"custom_model_data":64},"model":"modelengine:shadow_dragon/tail_end"},{"predicate":{"custom_model_data":65},"model":"modelengine:shadow_dragon/tail_3"},{"predicate":{"custom_model_data":66},"model":"modelengine:shadow_dragon/tail_2"},{"predicate":{"custom_model_data":67},"model":"modelengine:shadow_dragon/tail"},{"predicate":{"custom_model_data":68},"model":"modelengine:shadow_dragon/upper_body"},{"predicate":{"custom_model_data":69},"model":"modelengine:shadow_dragon/left_foot"},{"predicate":{"custom_model_data":70},"model":"modelengine:shadow_dragon/left_ankle"},{"predicate":{"custom_model_data":71},"model":"modelengine:shadow_dragon/left_leg"},{"predicate":{"custom_model_data":72},"model":"modelengine:shadow_dragon/left_thigh"},{"predicate":{"custom_model_data":73},"model":"modelengine:shadow_dragon/right_foot"},{"predicate":{"custom_model_data":74},"model":"modelengine:shadow_dragon/right_ankle"},{"predicate":{"custom_model_data":75},"model":"modelengine:shadow_dragon/right_leg"},{"predicate":{"custom_model_data":76},"model":"modelengine:shadow_dragon/right_thigh"},{"predicate":{"custom_model_data":77},"model":"modelengine:shadow_knight/upper_body"},{"predicate":{"custom_model_data":78},"model":"modelengine:shadow_knight/chest"},{"predicate":{"custom_model_data":79},"model":"modelengine:shadow_knight/head"},{"predicate":{"custom_model_data":80},"model":"modelengine:shadow_knight/right_arm"},{"predicate":{"custom_model_data":81},"model":"modelengine:shadow_knight/right_wrist"},{"predicate":{"custom_model_data":82},"model":"modelengine:shadow_knight/left_arm"},{"predicate":{"custom_model_data":83},"model":"modelengine:shadow_knight/left_wrist"},{"predicate":{"custom_model_data":84},"model":"modelengine:shadow_knight/weapon"},{"predicate":{"custom_model_data":85},"model":"modelengine:shadow_knight/left_leg"},{"predicate":{"custom_model_data":86},"model":"modelengine:shadow_knight/left_ankle"},{"predicate":{"custom_model_data":87},"model":"modelengine:shadow_knight/right_leg"},{"predicate":{"custom_model_data":88},"model":"modelengine:shadow_knight/right_ankle"},{"predicate":{"custom_model_data":89},"model":"modelengine:shadow_spirit/head"},{"predicate":{"custom_model_data":90},"model":"modelengine:shadow_spirit/chest"},{"predicate":{"custom_model_data":91},"model":"modelengine:shadow_spirit/lower_body"},{"predicate":{"custom_model_data":92},"model":"modelengine:skeletal_minion/left_thigh"},{"predicate":{"custom_model_data":93},"model":"modelengine:skeletal_minion/left_foot"},{"predicate":{"custom_model_data":94},"model":"modelengine:skeletal_minion/left_ankle"},{"predicate":{"custom_model_data":95},"model":"modelengine:skeletal_minion/left_leg"},{"predicate":{"custom_model_data":96},"model":"modelengine:skeletal_minion/right_thigh"},{"predicate":{"custom_model_data":97},"model":"modelengine:skeletal_minion/right_foot"},{"predicate":{"custom_model_data":98},"model":"modelengine:skeletal_minion/right_ankle"},{"predicate":{"custom_model_data":99},"model":"modelengine:skeletal_minion/right_leg"},{"predicate":{"custom_model_data":100},"model":"modelengine:skeletal_minion/upper_body"},{"predicate":{"custom_model_data":101},"model":"modelengine:skeletal_minion/chest"},{"predicate":{"custom_model_data":102},"model":"modelengine:skeletal_minion/left_shoulder"},{"predicate":{"custom_model_data":103},"model":"modelengine:skeletal_minion/left_wrist"},{"predicate":{"custom_model_data":104},"model":"modelengine:skeletal_minion/left_hand"},{"predicate":{"custom_model_data":105},"model":"modelengine:skeletal_minion/left_arm"},{"predicate":{"custom_model_data":106},"model":"modelengine:skeletal_minion/right_shoulder"},{"predicate":{"custom_model_data":107},"model":"modelengine:skeletal_minion/right_wrist"},{"predicate":{"custom_model_data":108},"model":"modelengine:skeletal_minion/right_hand"},{"predicate":{"custom_model_data":109},"model":"modelengine:skeletal_minion/right_arm"},{"predicate":{"custom_model_data":110},"model":"modelengine:skeletal_minion/head"},{"predicate":{"custom_model_data":111},"model":"modelengine:skeletal_minion/jaw"},{"predicate":{"custom_model_data":112},"model":"modelengine:skeletal_minion/tail"},{"predicate":{"custom_model_data":113},"model":"modelengine:skeletal_minion/tail_mid"},{"predicate":{"custom_model_data":114},"model":"modelengine:skeletal_minion/tail_end"},{"predicate":{"custom_model_data":115},"model":"modelengine:spirit_guardian/upper_body"},{"predicate":{"custom_model_data":116},"model":"modelengine:spirit_guardian/chest"},{"predicate":{"custom_model_data":117},"model":"modelengine:spirit_guardian/head"},{"predicate":{"custom_model_data":118},"model":"modelengine:spirit_guardian/left_arm"},{"predicate":{"custom_model_data":119},"model":"modelengine:spirit_guardian/left_wrist"},{"predicate":{"custom_model_data":120},"model":"modelengine:spirit_guardian/right_arm"},{"predicate":{"custom_model_data":121},"model":"modelengine:spirit_guardian/right_wrist"},{"predicate":{"custom_model_data":122},"model":"modelengine:spirit_guardian/right_hand"},{"predicate":{"custom_model_data":123},"model":"modelengine:spirit_guardian/big_slash"},{"predicate":{"custom_model_data":124},"model":"modelengine:spirit_guardian/small_slash"},{"predicate":{"custom_model_data":125},"model":"modelengine:spirit_guardian/upper_body_up"},{"predicate":{"custom_model_data":126},"model":"modelengine:spirit_horse/left_thigh"},{"predicate":{"custom_model_data":127},"model":"modelengine:spirit_horse/left_leg"},{"predicate":{"custom_model_data":128},"model":"modelengine:spirit_horse/left_ankle"},{"predicate":{"custom_model_data":129},"model":"modelengine:spirit_horse/right_thigh"},{"predicate":{"custom_model_data":130},"model":"modelengine:spirit_horse/right_leg"},{"predicate":{"custom_model_data":131},"model":"modelengine:spirit_horse/right_ankle"},{"predicate":{"custom_model_data":132},"model":"modelengine:spirit_horse/upper_body"},{"predicate":{"custom_model_data":133},"model":"modelengine:spirit_horse/tail"},{"predicate":{"custom_model_data":134},"model":"modelengine:spirit_horse/tail_mid"},{"predicate":{"custom_model_data":135},"model":"modelengine:spirit_horse/tail_end"},{"predicate":{"custom_model_data":136},"model":"modelengine:spirit_horse/upper_body_mid"},{"predicate":{"custom_model_data":137},"model":"modelengine:spirit_horse/chest"},{"predicate":{"custom_model_data":138},"model":"modelengine:spirit_horse/neck"},{"predicate":{"custom_model_data":139},"model":"modelengine:spirit_horse/neck_mid"},{"predicate":{"custom_model_data":140},"model":"modelengine:spirit_horse/head"},{"predicate":{"custom_model_data":141},"model":"modelengine:spirit_horse/left_arm"},{"predicate":{"custom_model_data":142},"model":"modelengine:spirit_horse/left_wrist"},{"predicate":{"custom_model_data":143},"model":"modelengine:spirit_horse/right_arm"},{"predicate":{"custom_model_data":144},"model":"modelengine:spirit_horse/right_wrist"},{"predicate":{"custom_model_data":145},"model":"modelengine:will_o_wisp/skull_jaw"},{"predicate":{"custom_model_data":146},"model":"modelengine:will_o_wisp/skull"}]}