{
    "sources": [
{"sources":[{"source":"entity","prefix":"entity/","type":"directory"}]},
        {
            "type": "single",
            "resource": "minecraft:shadowmancer_texture/icon_blades_of_shadow"
        },
        {
            "type": "single",
            "resource": "minecraft:shadowmancer_texture/icon_dark_monarch"
        },
        {
            "type": "single",
            "resource": "minecraft:shadowmancer_texture/icon_shadow_archer"
        },
        {
            "type": "single",
            "resource": "minecraft:shadowmancer_texture/icon_shadow_burst"
        },
        {
            "type": "single",
            "resource": "minecraft:shadowmancer_texture/icon_shadow_dragon"
        },
        {
            "type": "single",
            "resource": "minecraft:shadowmancer_texture/icon_shadow_knight"
        },
        {
            "type": "single",
            "resource": "minecraft:shadowmancer_texture/icon_shadow_teleport"
        },
        {
            "type": "single",
            "resource": "minecraft:shadowmancer_texture/shadow_orb"
        },
        {
            "type": "single",
            "resource": "minecraft:shadowmancer_texture/shadow_orb_shiny"
        },
        {
            "type": "single",
            "resource": "minecraft:shadowmancer_texture/shadow_blade_impact"
        },
        {
            "type": "single",
            "resource": "minecraft:shadowmancer_texture/shadow_burst_1"
        },
        {
            "type": "single",
            "resource": "minecraft:shadowmancer_texture/shadow_burst_2"
        },
        {
            "type": "single",
            "resource": "minecraft:shadowmancer_texture/shadow_burst_3"
        },
        {
            "type": "single",
            "resource": "minecraft:shadowmancer_texture/shadow_burst_4"
        },
        {
            "type": "single",
            "resource": "minecraft:shadowmancer_texture/shadow_burst_5"
        },
        {
            "type": "single",
            "resource": "minecraft:shadowmancer_texture/shadow_burst_6"
        },
        {
            "type": "single",
            "resource": "minecraft:shadowmancer_texture/shadow_burst_7"
        },
        {
            "type": "single",
            "resource": "minecraft:shadowmancer_texture/shadow_burst_8"
        },
        {
            "type": "single",
            "resource": "minecraft:shadowmancer_texture/shadow_burst_9"
        },
        {
            "type": "single",
            "resource": "minecraft:shadowmancer_texture/shadow_print"
        },
        {
            "type": "single",
            "resource": "minecraft:shadowmancer_texture/shadow_teleport_1"
        },
        {
            "type": "single",
            "resource": "minecraft:shadowmancer_texture/shadow_teleport_2"
        },
        {
            "type": "single",
            "resource": "minecraft:shadowmancer_texture/shadow_teleport_3"
        },
        {
            "type": "single",
            "resource": "minecraft:shadowmancer_texture/shadow_teleport_4"
        },
        {
            "type": "single",
            "resource": "minecraft:shadowmancer_texture/shadow_teleport_5"
        },
        {
            "type": "single",
            "resource": "minecraft:shadowmancer_texture/shadow_teleport_6"
        },
        {
            "type": "single",
            "resource": "minecraft:shadowmancer_texture/shadow_teleport_7"
        },
        {
            "type": "single",
            "resource": "modelengine:entity/shadow_archer"
        },
        {
            "type": "single",
            "resource": "modelengine:entity/shadow_spirit"
        },
        {
            "type": "single",
            "resource": "modelengine:entity/shadow_arrow"
        },
        {
            "type": "single",
            "resource": "modelengine:entity/shadow_blade"
        },
        {
            "type": "single",
            "resource": "modelengine:entity/shadow_dragon"
        },
        {
            "type": "single",
            "resource": "modelengine:entity/shadow_knight"
        }
    ]
}