{"textures":{"0":"modelengine:entity/shadow_dragon"},"elements":[{"from":[4.8571424,1.8103442,1.7467594],"to":[11.142858,9.238916,9.175331],"rotation":{"angle":-45.0,"axis":"x","origin":[8.0,5.5246305,5.4610453]},"faces":{"east":{"uv":[5.8125,0.0,6.625,0.8125],"rotation":0,"texture":"#0","tintindex":0},"south":{"uv":[6.5,1.75,7.1875,2.5625],"rotation":0,"texture":"#0","tintindex":0},"north":{"uv":[6.5,1.75,7.1875,2.5625],"rotation":0,"texture":"#0","tintindex":0},"west":{"uv":[5.8125,0.875,6.625,1.6875],"rotation":0,"texture":"#0","tintindex":0},"up":{"uv":[7.25,7.1875,6.5625,6.375],"rotation":0,"texture":"#0","tintindex":0},"down":{"uv":[7.375,0.0,6.6875,0.8125],"rotation":0,"texture":"#0","tintindex":0}}},{"from":[6.0,7.666256,-1.9071217],"to":[6.0,11.666256,4.9500217],"rotation":{"angle":-45.0,"axis":"x","origin":[6.0,9.666256,1.5214505]},"faces":{"east":{"uv":[8.6875,3.875,7.9375,4.3125],"rotation":0,"texture":"#0","tintindex":0},"south":{"uv":[7.375,10.25,7.375,10.6875],"rotation":0,"texture":"#0","tintindex":0},"north":{"uv":[7.3125,10.25,7.3125,10.6875],"rotation":0,"texture":"#0","tintindex":0},"west":{"uv":[7.9375,3.875,8.6875,4.3125],"rotation":0,"texture":"#0","tintindex":0},"up":{"uv":[7.4375,11.0,7.4375,10.25],"rotation":0,"texture":"#0","tintindex":0},"down":{"uv":[10.125,10.25,10.125,11.0],"rotation":0,"texture":"#0","tintindex":0}}},{"from":[10.0,7.666256,-1.9071217],"to":[10.0,11.666256,4.9500217],"rotation":{"angle":-45.0,"axis":"x","origin":[10.0,9.666256,1.5214505]},"faces":{"east":{"uv":[8.6875,3.875,7.9375,4.3125],"rotation":0,"texture":"#0","tintindex":0},"south":{"uv":[7.375,10.25,7.375,10.6875],"rotation":0,"texture":"#0","tintindex":0},"north":{"uv":[7.3125,10.25,7.3125,10.6875],"rotation":0,"texture":"#0","tintindex":0},"west":{"uv":[7.9375,3.875,8.6875,4.3125],"rotation":0,"texture":"#0","tintindex":0},"up":{"uv":[7.4375,11.0,7.4375,10.25],"rotation":0,"texture":"#0","tintindex":0},"down":{"uv":[10.125,10.25,10.125,11.0],"rotation":0,"texture":"#0","tintindex":0}}}],"display":{"head":{"translation":[0.0,-6.4,0.0],"scale":[4.0,4.0,4.0]}}}