{"textures":{"0":"modelengine:entity/shadow_dragon","1":"modelengine:entity/shadow_spirit"},"elements":[{"from":[10.561456,1.1608291,9.213038],"to":[10.561456,8.589401,15.888456],"rotation":{"angle":45.0,"axis":"x","origin":[10.5043125,6.589401,11.979319]},"faces":{"east":{"uv":[6.5,6.125,5.75,6.9375],"rotation":0,"texture":"#0","tintindex":0},"south":{"uv":[9.6875,10.3125,9.6875,11.125],"rotation":0,"texture":"#0","tintindex":0},"north":{"uv":[9.625,10.3125,9.625,11.125],"rotation":0,"texture":"#0","tintindex":0},"west":{"uv":[5.75,6.125,6.5,6.9375],"rotation":0,"texture":"#0","tintindex":0},"up":{"uv":[10.3125,10.4375,10.3125,9.6875],"rotation":0,"texture":"#0","tintindex":0},"down":{"uv":[9.75,10.3125,9.75,11.0625],"rotation":0,"texture":"#0","tintindex":0}}},{"from":[5.4299107,4.7186875,5.525039],"to":[10.572768,11.004402,8.382182],"rotation":{"angle":0.0,"axis":"y","origin":[8.001339,8.147259,6.953611]},"faces":{"east":{"uv":[8.75,3.625,9.0625,4.3125],"rotation":0,"texture":"#0","tintindex":0},"south":{"uv":[0.0,7.625,0.5625,8.3125],"rotation":0,"texture":"#0","tintindex":0},"north":{"uv":[5.25,7.5,5.8125,8.1875],"rotation":0,"texture":"#0","tintindex":0},"west":{"uv":[5.0625,8.8125,5.375,9.5],"rotation":0,"texture":"#0","tintindex":0},"up":{"uv":[8.1875,9.3125,7.625,9.0],"rotation":0,"texture":"#0","tintindex":0},"down":{"uv":[8.8125,9.0,8.25,9.3125],"rotation":0,"texture":"#0","tintindex":0}}},{"from":[3.6116357,5.8615446,9.135336],"to":[3.6116357,13.290116,15.810755],"rotation":{"angle":-45.0,"axis":"y","origin":[5.4299107,8.147259,10.953611]},"faces":{"east":{"uv":[6.5,6.125,5.75,6.9375],"rotation":0,"texture":"#0","tintindex":0},"south":{"uv":[9.6875,10.3125,9.6875,11.125],"rotation":0,"texture":"#0","tintindex":0},"north":{"uv":[9.625,10.3125,9.625,11.125],"rotation":0,"texture":"#0","tintindex":0},"west":{"uv":[5.75,6.125,6.5,6.9375],"rotation":0,"texture":"#0","tintindex":0},"up":{"uv":[10.3125,10.4375,10.3125,9.6875],"rotation":0,"texture":"#0","tintindex":0},"down":{"uv":[9.75,10.3125,9.75,11.0625],"rotation":0,"texture":"#0","tintindex":0}}},{"from":[5.4412227,1.1608291,9.213038],"to":[5.4412227,8.589401,15.888456],"rotation":{"angle":45.0,"axis":"x","origin":[5.4983654,6.589401,11.979319]},"faces":{"east":{"uv":[6.5,6.125,5.75,6.9375],"rotation":0,"texture":"#0","tintindex":0},"south":{"uv":[9.6875,10.3125,9.6875,11.125],"rotation":0,"texture":"#0","tintindex":0},"north":{"uv":[9.625,10.3125,9.625,11.125],"rotation":0,"texture":"#0","tintindex":0},"west":{"uv":[5.75,6.125,6.5,6.9375],"rotation":0,"texture":"#0","tintindex":0},"up":{"uv":[10.3125,10.4375,10.3125,9.6875],"rotation":0,"texture":"#0","tintindex":0},"down":{"uv":[9.75,10.3125,9.75,11.0625],"rotation":0,"texture":"#0","tintindex":0}}},{"from":[5.4156246,9.1067505,1.8771968],"to":[5.9870534,10.249608,5.8771973],"rotation":{"angle":-22.5,"axis":"x","origin":[5.4299107,9.821036,4.1629114]},"faces":{"east":{"uv":[7.4375,0.6875,7.875,0.8125],"rotation":0,"texture":"#0","tintindex":0},"south":{"uv":[9.25,2.6875,9.3125,2.8125],"rotation":0,"texture":"#0","tintindex":0},"north":{"uv":[9.25,2.5,9.3125,2.625],"rotation":0,"texture":"#0","tintindex":0},"west":{"uv":[9.9375,5.25,10.375,5.375],"rotation":0,"texture":"#0","tintindex":0},"up":{"uv":[4.0,10.5,3.9375,10.0625],"rotation":0,"texture":"#0","tintindex":0},"down":{"uv":[6.625,10.0625,6.5625,10.5],"rotation":0,"texture":"#0","tintindex":0}}},{"from":[10.015625,9.1067505,1.8771968],"to":[10.587053,10.249608,5.8771973],"rotation":{"angle":-22.5,"axis":"x","origin":[10.572768,9.821036,4.1629114]},"faces":{"east":{"uv":[10.375,5.25,9.9375,5.375],"rotation":0,"texture":"#0","tintindex":0},"south":{"uv":[9.3125,2.6875,9.25,2.8125],"rotation":0,"texture":"#0","tintindex":0},"north":{"uv":[9.3125,2.5,9.25,2.625],"rotation":0,"texture":"#0","tintindex":0},"west":{"uv":[7.875,0.6875,7.4375,0.8125],"rotation":0,"texture":"#0","tintindex":0},"up":{"uv":[3.9375,10.5,4.0,10.0625],"rotation":0,"texture":"#0","tintindex":0},"down":{"uv":[6.5625,10.0625,6.625,10.5],"rotation":0,"texture":"#0","tintindex":0}}},{"from":[6.2870536,5.8615446,-1.3321037],"to":[9.715625,9.290116,3.8107533],"rotation":{"angle":0.0,"axis":"y","origin":[8.001339,7.8615446,1.239325]},"faces":{"east":{"uv":[8.75,0.0,9.3125,0.375],"rotation":0,"texture":"#0","tintindex":0},"south":{"uv":[9.375,4.375,9.75,4.75],"rotation":0,"texture":"#0","tintindex":0},"north":{"uv":[9.375,0.0,9.75,0.375],"rotation":0,"texture":"#0","tintindex":0},"west":{"uv":[8.75,4.375,9.3125,4.75],"rotation":0,"texture":"#0","tintindex":0},"up":{"uv":[9.125,7.3125,8.75,6.75],"rotation":0,"texture":"#0","tintindex":0},"down":{"uv":[5.8125,8.8125,5.4375,9.375],"rotation":0,"texture":"#0","tintindex":0}}},{"from":[7.4299107,7.086013,-3.4879208],"to":[8.572768,9.371727,-0.05934906],"rotation":{"angle":22.5,"axis":"x","origin":[8.001339,8.228869,-1.7736349]},"faces":{"east":{"uv":[9.625,8.375,10.0,8.625],"rotation":0,"texture":"#0","tintindex":0},"south":{"uv":[2.4375,8.375,2.5625,8.625],"rotation":0,"texture":"#0","tintindex":0},"north":{"uv":[4.5625,7.1875,4.6875,7.4375],"rotation":0,"texture":"#0","tintindex":0},"west":{"uv":[9.625,9.1875,10.0,9.4375],"rotation":0,"texture":"#0","tintindex":0},"up":{"uv":[8.125,10.4375,8.0,10.0625],"rotation":0,"texture":"#0","tintindex":0},"down":{"uv":[8.3125,10.0625,8.1875,10.4375],"rotation":0,"texture":"#0","tintindex":0}}},{"from":[8.001339,6.380508,-6.258068],"to":[8.001339,11.523365,0.027646065],"rotation":{"angle":45.0,"axis":"x","origin":[8.001339,8.666223,-2.8294964]},"faces":{"east":{"uv":[8.5,1.375,7.8125,1.9375],"rotation":0,"texture":"#0","tintindex":0},"south":{"uv":[9.875,10.3125,9.875,10.875],"rotation":0,"texture":"#0","tintindex":0},"north":{"uv":[9.8125,10.3125,9.8125,10.875],"rotation":0,"texture":"#0","tintindex":0},"west":{"uv":[7.8125,1.375,8.5,1.9375],"rotation":0,"texture":"#0","tintindex":0},"up":{"uv":[9.9375,11.0,9.9375,10.3125],"rotation":0,"texture":"#0","tintindex":0},"down":{"uv":[10.0,10.3125,10.0,11.0],"rotation":0,"texture":"#0","tintindex":0}}},{"from":[5.715625,6.7434254,2.77664],"to":[10.287054,10.171997,6.77664],"rotation":{"angle":-22.5,"axis":"x","origin":[7.715625,7.6005683,4.77664]},"faces":{"east":{"uv":[0.5625,9.1875,1.0,9.5625],"rotation":0,"texture":"#0","tintindex":0},"south":{"uv":[1.875,9.0,2.375,9.375],"rotation":0,"texture":"#0","tintindex":0},"north":{"uv":[0.0,9.0,0.5,9.375],"rotation":0,"texture":"#0","tintindex":0},"west":{"uv":[1.0625,9.1875,1.5,9.5625],"rotation":0,"texture":"#0","tintindex":0},"up":{"uv":[5.125,3.5,4.625,3.0625],"rotation":0,"texture":"#0","tintindex":0},"down":{"uv":[9.1875,1.9375,8.6875,2.375],"rotation":0,"texture":"#0","tintindex":0}}},{"from":[6.001339,3.8862824,2.77664],"to":[10.001339,6.7434254,6.77664],"rotation":{"angle":-22.5,"axis":"x","origin":[8.001339,7.6005683,4.77664]},"faces":{"east":{"uv":[7.3125,6.875,7.75,7.1875],"rotation":0,"texture":"#0","tintindex":0},"south":{"uv":[9.4375,5.25,9.875,5.5625],"rotation":0,"texture":"#0","tintindex":0},"north":{"uv":[6.6875,1.375,7.125,1.6875],"rotation":0,"texture":"#0","tintindex":0},"west":{"uv":[9.4375,6.1875,9.875,6.5],"rotation":0,"texture":"#0","tintindex":0},"up":{"uv":[9.375,1.5625,8.9375,1.125],"rotation":0,"texture":"#0","tintindex":0},"down":{"uv":[9.375,5.375,8.9375,5.8125],"rotation":0,"texture":"#0","tintindex":0}}},{"from":[7.9870534,9.290116,-0.76067543],"to":[7.9870534,13.290116,10.667896],"rotation":{"angle":-22.5,"axis":"x","origin":[8.001339,11.290116,1.8107538]},"faces":{"east":{"uv":[8.1875,2.625,6.9375,3.0625],"rotation":0,"texture":"#0","tintindex":0},"south":{"uv":[9.125,10.1875,9.125,10.625],"rotation":0,"texture":"#0","tintindex":0},"north":{"uv":[1.25,10.1875,1.25,10.625],"rotation":0,"texture":"#0","tintindex":0},"west":{"uv":[6.9375,2.625,8.1875,3.0625],"rotation":0,"texture":"#0","tintindex":0},"up":{"uv":[9.1875,11.4375,9.1875,10.1875],"rotation":0,"texture":"#0","tintindex":0},"down":{"uv":[3.0,10.25,3.0,11.5],"rotation":0,"texture":"#0","tintindex":0}}},{"from":[8.015625,9.290116,-0.76067543],"to":[8.015625,13.290116,10.667896],"rotation":{"angle":-22.5,"axis":"x","origin":[8.001339,11.290116,1.8107538]},"faces":{"east":{"uv":[8.1875,2.625,6.9375,3.0625],"rotation":0,"texture":"#0","tintindex":0},"south":{"uv":[9.125,10.1875,9.125,10.625],"rotation":0,"texture":"#0","tintindex":0},"north":{"uv":[1.25,10.1875,1.25,10.625],"rotation":0,"texture":"#0","tintindex":0},"west":{"uv":[6.9375,2.625,8.1875,3.0625],"rotation":0,"texture":"#0","tintindex":0},"up":{"uv":[9.1875,11.4375,9.1875,10.1875],"rotation":0,"texture":"#0","tintindex":0},"down":{"uv":[3.0,10.25,3.0,11.5],"rotation":0,"texture":"#0","tintindex":0}}},{"from":[5.472768,14.175448,9.532287],"to":[6.615625,15.318306,12.960858],"rotation":{"angle":-45.0,"axis":"x","origin":[6.0299106,15.318306,12.960858]},"faces":{"east":{"uv":[9.9375,5.4375,10.3125,5.5625],"rotation":0,"texture":"#0","tintindex":0},"south":{"uv":[10.1875,6.3125,10.3125,6.4375],"rotation":0,"texture":"#0","tintindex":0},"north":{"uv":[10.1875,6.125,10.3125,6.25],"rotation":0,"texture":"#0","tintindex":0},"west":{"uv":[0.875,10.0,1.25,10.125],"rotation":0,"texture":"#0","tintindex":0},"up":{"uv":[4.875,6.6875,4.75,6.3125],"rotation":0,"texture":"#0","tintindex":0},"down":{"uv":[3.125,9.8125,3.0,10.1875],"rotation":0,"texture":"#0","tintindex":0}}},{"from":[5.458482,11.179654,8.487471],"to":[7.1727676,12.89394,11.344614],"rotation":{"angle":0.0,"axis":"y","origin":[6.315625,13.751082,9.916042]},"faces":{"east":{"uv":[9.25,9.875,9.5625,10.0625],"rotation":0,"texture":"#0","tintindex":0},"south":{"uv":[8.5,3.625,8.6875,3.8125],"rotation":0,"texture":"#0","tintindex":0},"north":{"uv":[8.25,2.875,8.4375,3.0625],"rotation":0,"texture":"#0","tintindex":0},"west":{"uv":[0.0,9.9375,0.3125,10.125],"rotation":0,"texture":"#0","tintindex":0},"up":{"uv":[4.5,8.75,4.3125,8.4375],"rotation":0,"texture":"#0","tintindex":0},"down":{"uv":[8.8125,9.375,8.625,9.6875],"rotation":0,"texture":"#0","tintindex":0}}},{"from":[5.444196,9.96747,7.5119815],"to":[7.729911,12.824614,9.797696],"rotation":{"angle":45.0,"axis":"x","origin":[6.5870533,11.681757,8.08341]},"faces":{"east":{"uv":[9.8125,0.625,10.0625,0.9375],"rotation":0,"texture":"#0","tintindex":0},"south":{"uv":[9.8125,1.0,10.0625,1.3125],"rotation":0,"texture":"#0","tintindex":0},"north":{"uv":[9.8125,0.0,10.0625,0.3125],"rotation":0,"texture":"#0","tintindex":0},"west":{"uv":[2.3125,9.8125,2.5625,10.125],"rotation":0,"texture":"#0","tintindex":0},"up":{"uv":[5.1875,6.0625,4.9375,5.8125],"rotation":0,"texture":"#0","tintindex":0},"down":{"uv":[6.9375,9.875,6.6875,10.125],"rotation":0,"texture":"#0","tintindex":0}}},{"from":[9.3870535,14.175448,9.532287],"to":[10.529911,15.318306,12.960858],"rotation":{"angle":-45.0,"axis":"x","origin":[9.972768,15.318306,12.960858]},"faces":{"east":{"uv":[10.0,4.125,10.375,4.25],"rotation":0,"texture":"#0","tintindex":0},"south":{"uv":[10.1875,8.9375,10.3125,9.0625],"rotation":0,"texture":"#0","tintindex":0},"north":{"uv":[8.9375,10.1875,9.0625,10.3125],"rotation":0,"texture":"#0","tintindex":0},"west":{"uv":[10.0,5.0,10.375,5.125],"rotation":0,"texture":"#0","tintindex":0},"up":{"uv":[4.4375,10.3125,4.3125,9.9375],"rotation":0,"texture":"#0","tintindex":0},"down":{"uv":[1.4375,10.0,1.3125,10.375],"rotation":0,"texture":"#0","tintindex":0}}},{"from":[8.82991,11.179654,8.487471],"to":[10.544197,12.89394,11.344614],"rotation":{"angle":0.0,"axis":"y","origin":[9.687054,13.751082,9.916042]},"faces":{"east":{"uv":[1.5,9.9375,1.8125,10.125],"rotation":0,"texture":"#0","tintindex":0},"south":{"uv":[6.3125,9.0625,6.5,9.25],"rotation":0,"texture":"#0","tintindex":0},"north":{"uv":[4.3125,8.8125,4.5,9.0],"rotation":0,"texture":"#0","tintindex":0},"west":{"uv":[1.875,9.9375,2.1875,10.125],"rotation":0,"texture":"#0","tintindex":0},"up":{"uv":[5.0,10.1875,4.8125,9.875],"rotation":0,"texture":"#0","tintindex":0},"down":{"uv":[4.25,9.9375,4.0625,10.25],"rotation":0,"texture":"#0","tintindex":0}}},{"from":[8.272768,9.96747,7.5119815],"to":[10.558482,12.824614,9.797696],"rotation":{"angle":45.0,"axis":"x","origin":[9.415625,11.681757,8.08341]},"faces":{"east":{"uv":[5.75,9.8125,6.0,10.125],"rotation":0,"texture":"#0","tintindex":0},"south":{"uv":[3.375,9.875,3.625,10.1875],"rotation":0,"texture":"#0","tintindex":0},"north":{"uv":[5.4375,9.8125,5.6875,10.125],"rotation":0,"texture":"#0","tintindex":0},"west":{"uv":[4.5,9.875,4.75,10.1875],"rotation":0,"texture":"#0","tintindex":0},"up":{"uv":[8.875,10.125,8.625,9.875],"rotation":0,"texture":"#0","tintindex":0},"down":{"uv":[9.1875,9.875,8.9375,10.125],"rotation":0,"texture":"#0","tintindex":0}}},{"from":[6.2870536,3.5758305,-1.3321037],"to":[6.2870536,5.8615446,3.8107533],"rotation":{"angle":0.0,"axis":"y","origin":[6.2870536,5.5758305,1.239325]},"faces":{"east":{"uv":[8.1875,9.375,7.625,9.625],"rotation":0,"texture":"#0","tintindex":0},"south":{"uv":[4.5,9.5625,4.5,9.8125],"rotation":0,"texture":"#0","tintindex":0},"north":{"uv":[2.375,9.4375,2.375,9.6875],"rotation":0,"texture":"#0","tintindex":0},"west":{"uv":[7.625,9.375,8.1875,9.625],"rotation":0,"texture":"#0","tintindex":0},"up":{"uv":[3.4375,10.8125,3.4375,10.25],"rotation":0,"texture":"#0","tintindex":0},"down":{"uv":[3.5,10.25,3.5,10.8125],"rotation":0,"texture":"#0","tintindex":0}}},{"from":[9.715625,3.5758305,-1.3321037],"to":[9.715625,5.8615446,3.8107533],"rotation":{"angle":0.0,"axis":"y","origin":[9.715625,5.5758305,1.239325]},"faces":{"east":{"uv":[8.1875,9.375,7.625,9.625],"rotation":0,"texture":"#0","tintindex":0},"south":{"uv":[4.5,9.5625,4.5,9.8125],"rotation":0,"texture":"#0","tintindex":0},"north":{"uv":[2.375,9.4375,2.375,9.6875],"rotation":0,"texture":"#0","tintindex":0},"west":{"uv":[7.625,9.375,8.1875,9.625],"rotation":0,"texture":"#0","tintindex":0},"up":{"uv":[3.4375,10.8125,3.4375,10.25],"rotation":0,"texture":"#0","tintindex":0},"down":{"uv":[3.5,10.25,3.5,10.8125],"rotation":0,"texture":"#0","tintindex":0}}},{"from":[8.001339,3.4251504,-0.8511877],"to":[8.001339,12.568008,5.4345264],"rotation":{"angle":22.5,"axis":"x","origin":[8.001339,12.568008,10.863098]},"faces":{"east":{"uv":[0.0625,3.0,4.0625,5.75],"rotation":270,"texture":"#1","tintindex":0},"south":{"uv":[0.375,10.3125,0.375,10.9375],"rotation":0,"texture":"#1","tintindex":0},"north":{"uv":[10.25,10.875,10.25,10.25],"rotation":180,"texture":"#1","tintindex":0},"west":{"uv":[0.0625,5.75,4.0625,3.0],"rotation":270,"texture":"#1","tintindex":0},"up":{"uv":[10.1875,10.25,10.1875,10.875],"rotation":0,"texture":"#1","tintindex":0},"down":{"uv":[10.25,7.875,10.25,8.5],"rotation":180,"texture":"#1","tintindex":0}}},{"from":[12.391043,5.8615446,9.135336],"to":[12.391043,13.290116,15.810755],"rotation":{"angle":45.0,"axis":"y","origin":[10.572768,8.147259,10.953611]},"faces":{"east":{"uv":[6.5,6.125,5.75,6.9375],"rotation":0,"texture":"#0","tintindex":0},"south":{"uv":[9.6875,10.3125,9.6875,11.125],"rotation":0,"texture":"#0","tintindex":0},"north":{"uv":[9.625,10.3125,9.625,11.125],"rotation":0,"texture":"#0","tintindex":0},"west":{"uv":[5.75,6.125,6.5,6.9375],"rotation":0,"texture":"#0","tintindex":0},"up":{"uv":[10.3125,10.4375,10.3125,9.6875],"rotation":0,"texture":"#0","tintindex":0},"down":{"uv":[9.75,10.3125,9.75,11.0625],"rotation":0,"texture":"#0","tintindex":0}}}],"display":{"head":{"translation":[0.0,-6.4,0.0],"scale":[4.0,4.0,4.0]}}}