{"textures":{"0":"modelengine:entity/shadow_dragon"},"elements":[{"from":[6.5714283,6.333333,2.8346486],"to":[9.428572,8.047619,7.977506],"rotation":{"angle":0.0,"axis":"y","origin":[8.0,7.7619047,5.4060774]},"faces":{"east":{"uv":[5.0625,9.5625,5.625,9.75],"rotation":0,"texture":"#0","tintindex":0},"south":{"uv":[8.0,1.125,8.3125,1.3125],"rotation":0,"texture":"#0","tintindex":0},"north":{"uv":[7.25,2.375,7.5625,2.5625],"rotation":0,"texture":"#0","tintindex":0},"west":{"uv":[5.6875,9.5625,6.25,9.75],"rotation":0,"texture":"#0","tintindex":0},"up":{"uv":[6.5,6.0625,6.1875,5.5],"rotation":0,"texture":"#0","tintindex":0},"down":{"uv":[4.0625,9.0625,3.75,9.625],"rotation":0,"texture":"#0","tintindex":0}}},{"from":[8.0,2.9047613,2.8346486],"to":[8.0,6.333333,7.977506],"rotation":{"angle":0.0,"axis":"y","origin":[8.0,4.6190476,5.4060774]},"faces":{"east":{"uv":[7.1875,8.875,6.625,9.25],"rotation":0,"texture":"#0","tintindex":0},"south":{"uv":[3.0625,10.25,3.0625,10.625],"rotation":0,"texture":"#0","tintindex":0},"north":{"uv":[10.25,1.8125,10.25,2.1875],"rotation":0,"texture":"#0","tintindex":0},"west":{"uv":[6.625,8.875,7.1875,9.25],"rotation":0,"texture":"#0","tintindex":0},"up":{"uv":[3.125,10.8125,3.125,10.25],"rotation":0,"texture":"#0","tintindex":0},"down":{"uv":[3.375,10.25,3.375,10.8125],"rotation":0,"texture":"#0","tintindex":0}}},{"from":[9.428572,8.047619,2.8346486],"to":[9.428572,9.190476,7.977506],"rotation":{"angle":0.0,"axis":"y","origin":[9.428572,9.190476,5.4060774]},"faces":{"east":{"uv":[10.375,1.375,9.8125,1.5],"rotation":0,"texture":"#0","tintindex":0},"south":{"uv":[5.875,7.75,5.875,7.875],"rotation":0,"texture":"#0","tintindex":0},"north":{"uv":[5.1875,3.375,5.1875,3.5],"rotation":0,"texture":"#0","tintindex":0},"west":{"uv":[9.8125,1.375,10.375,1.5],"rotation":0,"texture":"#0","tintindex":0},"up":{"uv":[3.5625,10.8125,3.5625,10.25],"rotation":0,"texture":"#0","tintindex":0},"down":{"uv":[3.625,10.25,3.625,10.8125],"rotation":0,"texture":"#0","tintindex":0}}},{"from":[6.5714283,8.047619,2.8346486],"to":[6.5714283,9.190476,7.977506],"rotation":{"angle":0.0,"axis":"y","origin":[6.5714283,9.190476,5.4060774]},"faces":{"east":{"uv":[10.375,1.375,9.8125,1.5],"rotation":0,"texture":"#0","tintindex":0},"south":{"uv":[5.875,7.75,5.875,7.875],"rotation":0,"texture":"#0","tintindex":0},"north":{"uv":[5.1875,3.375,5.1875,3.5],"rotation":0,"texture":"#0","tintindex":0},"west":{"uv":[9.8125,1.375,10.375,1.5],"rotation":0,"texture":"#0","tintindex":0},"up":{"uv":[3.5625,10.8125,3.5625,10.25],"rotation":0,"texture":"#0","tintindex":0},"down":{"uv":[3.625,10.25,3.625,10.8125],"rotation":0,"texture":"#0","tintindex":0}}}],"display":{"head":{"translation":[0.0,-6.4,0.0],"scale":[4.0,4.0,4.0]}}}