{"textures":{"0":"modelengine:entity/shadow_dragon"},"elements":[{"from":[6.610337,4.9081354,6.7894874],"to":[9.46748,8.908135,10.789488],"rotation":{"angle":-45.0,"axis":"x","origin":[8.038908,6.9081354,9.075202]},"faces":{"east":{"uv":[8.9375,0.625,9.375,1.0625],"rotation":0,"texture":"#0","tintindex":0},"south":{"uv":[9.4375,0.625,9.75,1.0625],"rotation":0,"texture":"#0","tintindex":0},"north":{"uv":[9.4375,0.625,9.75,1.0625],"rotation":0,"texture":"#0","tintindex":0},"west":{"uv":[8.9375,0.625,9.375,1.0625],"rotation":0,"texture":"#0","tintindex":0},"up":{"uv":[1.875,9.875,1.5625,9.4375],"rotation":0,"texture":"#0","tintindex":0},"down":{"uv":[2.25,9.4375,1.9375,9.875],"rotation":0,"texture":"#0","tintindex":0}}}],"display":{"head":{"translation":[0.0,-6.4,0.0],"scale":[4.0,4.0,4.0]}}}