{"textures":{"0":"modelengine:entity/shadow_dragon"},"elements":[{"from":[6.031746,5.061238,4.819415],"to":[7.174603,6.7755237,5.9622726],"rotation":{"angle":22.5,"axis":"x","origin":[6.6031747,5.9183807,5.390844]},"faces":{"east":{"uv":[7.4375,8.5,7.5625,8.6875],"rotation":0,"texture":"#0","tintindex":0},"south":{"uv":[5.875,8.8125,6.0,9.0],"rotation":0,"texture":"#0","tintindex":0},"north":{"uv":[8.375,1.125,8.5,1.3125],"rotation":0,"texture":"#0","tintindex":0},"west":{"uv":[10.0625,8.3125,10.1875,8.5],"rotation":0,"texture":"#0","tintindex":0},"up":{"uv":[0.5,9.5625,0.375,9.4375],"rotation":0,"texture":"#0","tintindex":0},"down":{"uv":[2.5625,10.1875,2.4375,10.3125],"rotation":0,"texture":"#0","tintindex":0}}},{"from":[6.31746,5.9881268,5.5806303],"to":[9.174603,8.273842,8.437774],"rotation":{"angle":-45.0,"axis":"x","origin":[7.7460318,7.1309843,7.009202]},"faces":{"east":{"uv":[9.75,2.5,10.0625,2.75],"rotation":0,"texture":"#0","tintindex":0},"south":{"uv":[7.625,9.6875,7.9375,9.9375],"rotation":0,"texture":"#0","tintindex":0},"north":{"uv":[7.625,9.6875,7.9375,9.9375],"rotation":0,"texture":"#0","tintindex":0},"west":{"uv":[9.75,2.5,10.0625,2.75],"rotation":0,"texture":"#0","tintindex":0},"up":{"uv":[7.5625,9.875,7.25,9.5625],"rotation":0,"texture":"#0","tintindex":0},"down":{"uv":[7.5625,9.875,7.25,9.5625],"rotation":0,"texture":"#0","tintindex":0}}},{"from":[6.6031747,3.0488725,4.591958],"to":[6.6031747,5.334587,6.306244],"rotation":{"angle":0.0,"axis":"y","origin":[6.6031747,4.19173,5.449101]},"faces":{"east":{"uv":[7.4375,9.9375,7.25,10.1875],"rotation":0,"texture":"#0","tintindex":0},"south":{"uv":[7.1875,1.375,7.1875,1.625],"rotation":0,"texture":"#0","tintindex":0},"north":{"uv":[5.1875,3.0625,5.1875,3.3125],"rotation":0,"texture":"#0","tintindex":0},"west":{"uv":[7.25,9.9375,7.4375,10.1875],"rotation":0,"texture":"#0","tintindex":0},"up":{"uv":[6.5,7.1875,6.5,7.0],"rotation":0,"texture":"#0","tintindex":0},"down":{"uv":[5.875,7.5,5.875,7.6875],"rotation":0,"texture":"#0","tintindex":0}}},{"from":[8.002618,3.0488725,7.1342583],"to":[9.716904,5.334587,7.1342583],"rotation":{"angle":0.0,"axis":"y","origin":[8.85976,4.19173,7.1342583]},"faces":{"east":{"uv":[7.8125,6.875,7.8125,7.125],"rotation":0,"texture":"#0","tintindex":0},"south":{"uv":[7.4375,9.9375,7.25,10.1875],"rotation":0,"texture":"#0","tintindex":0},"north":{"uv":[7.25,9.9375,7.4375,10.1875],"rotation":0,"texture":"#0","tintindex":0},"west":{"uv":[2.3125,9.4375,2.3125,9.6875],"rotation":0,"texture":"#0","tintindex":0},"up":{"uv":[6.0,1.75,5.8125,1.75],"rotation":0,"texture":"#0","tintindex":0},"down":{"uv":[6.0,1.8125,5.8125,1.8125],"rotation":0,"texture":"#0","tintindex":0}}},{"from":[8.346589,5.061238,6.5628295],"to":[9.489446,6.7755237,7.705687],"rotation":{"angle":22.5,"axis":"z","origin":[8.918017,5.9183807,7.1342583]},"faces":{"east":{"uv":[10.0625,9.1875,10.1875,9.375],"rotation":0,"texture":"#0","tintindex":0},"south":{"uv":[10.125,0.0,10.25,0.1875],"rotation":0,"texture":"#0","tintindex":0},"north":{"uv":[8.375,10.0625,8.5,10.25],"rotation":0,"texture":"#0","tintindex":0},"west":{"uv":[10.125,0.625,10.25,0.8125],"rotation":0,"texture":"#0","tintindex":0},"up":{"uv":[5.8125,10.3125,5.6875,10.1875],"rotation":0,"texture":"#0","tintindex":0},"down":{"uv":[6.0,10.1875,5.875,10.3125],"rotation":0,"texture":"#0","tintindex":0}}},{"from":[7.7460318,3.0488725,4.591958],"to":[7.7460318,5.334587,6.306244],"rotation":{"angle":0.0,"axis":"y","origin":[7.7460318,4.19173,5.449101]},"faces":{"east":{"uv":[7.4375,9.9375,7.25,10.1875],"rotation":0,"texture":"#0","tintindex":0},"south":{"uv":[10.3125,1.0625,10.3125,1.3125],"rotation":0,"texture":"#0","tintindex":0},"north":{"uv":[10.25,9.6875,10.25,9.9375],"rotation":0,"texture":"#0","tintindex":0},"west":{"uv":[7.25,9.9375,7.4375,10.1875],"rotation":0,"texture":"#0","tintindex":0},"up":{"uv":[6.5625,9.25,6.5625,9.0625],"rotation":0,"texture":"#0","tintindex":0},"down":{"uv":[3.375,9.25,3.375,9.4375],"rotation":0,"texture":"#0","tintindex":0}}},{"from":[8.888889,3.0488725,4.591958],"to":[8.888889,5.334587,6.306244],"rotation":{"angle":0.0,"axis":"y","origin":[8.888889,4.19173,5.449101]},"faces":{"east":{"uv":[7.4375,9.9375,7.25,10.1875],"rotation":0,"texture":"#0","tintindex":0},"south":{"uv":[10.3125,2.5,10.3125,2.75],"rotation":0,"texture":"#0","tintindex":0},"north":{"uv":[10.3125,1.9375,10.3125,2.1875],"rotation":0,"texture":"#0","tintindex":0},"west":{"uv":[7.25,9.9375,7.4375,10.1875],"rotation":0,"texture":"#0","tintindex":0},"up":{"uv":[4.0625,9.875,4.0625,9.6875],"rotation":0,"texture":"#0","tintindex":0},"down":{"uv":[2.25,9.9375,2.25,10.125],"rotation":0,"texture":"#0","tintindex":0}}},{"from":[7.174603,5.061238,4.819415],"to":[8.31746,6.7755237,5.9622726],"rotation":{"angle":22.5,"axis":"x","origin":[6.6031747,5.9183807,5.390844]},"faces":{"east":{"uv":[7.4375,8.5,7.5625,8.6875],"rotation":0,"texture":"#0","tintindex":0},"south":{"uv":[5.875,8.8125,6.0,9.0],"rotation":0,"texture":"#0","tintindex":0},"north":{"uv":[8.375,1.125,8.5,1.3125],"rotation":0,"texture":"#0","tintindex":0},"west":{"uv":[10.0625,8.3125,10.1875,8.5],"rotation":0,"texture":"#0","tintindex":0},"up":{"uv":[0.5,9.5625,0.375,9.4375],"rotation":0,"texture":"#0","tintindex":0},"down":{"uv":[2.5625,10.1875,2.4375,10.3125],"rotation":0,"texture":"#0","tintindex":0}}},{"from":[8.31746,5.061238,4.819415],"to":[9.460318,6.7755237,5.9622726],"rotation":{"angle":22.5,"axis":"x","origin":[6.6031747,5.9183807,5.390844]},"faces":{"east":{"uv":[7.4375,8.5,7.5625,8.6875],"rotation":0,"texture":"#0","tintindex":0},"south":{"uv":[5.875,8.8125,6.0,9.0],"rotation":0,"texture":"#0","tintindex":0},"north":{"uv":[8.375,1.125,8.5,1.3125],"rotation":0,"texture":"#0","tintindex":0},"west":{"uv":[10.0625,8.3125,10.1875,8.5],"rotation":0,"texture":"#0","tintindex":0},"up":{"uv":[0.5,9.5625,0.375,9.4375],"rotation":0,"texture":"#0","tintindex":0},"down":{"uv":[2.5625,10.1875,2.4375,10.3125],"rotation":0,"texture":"#0","tintindex":0}}}],"display":{"head":{"translation":[0.0,-6.4,0.0],"scale":[4.0,4.0,4.0]}}}