{"textures":{"0":"modelengine:entity/shadow_dragon"},"elements":[{"from":[6.3557143,4.0721407,5.750061],"to":[9.212857,8.643569,8.607204],"rotation":{"angle":22.5,"axis":"x","origin":[7.7842855,6.357855,7.1786327]},"faces":{"east":{"uv":[2.8125,9.25,3.125,9.75],"rotation":0,"texture":"#0","tintindex":0},"south":{"uv":[9.1875,6.6875,9.5,7.1875],"rotation":0,"texture":"#0","tintindex":0},"north":{"uv":[9.1875,6.6875,9.5,7.1875],"rotation":0,"texture":"#0","tintindex":0},"west":{"uv":[2.8125,9.25,3.125,9.75],"rotation":0,"texture":"#0","tintindex":0},"up":{"uv":[3.6875,9.8125,3.375,9.5],"rotation":0,"texture":"#0","tintindex":0},"down":{"uv":[4.4375,9.5625,4.125,9.875],"rotation":0,"texture":"#0","tintindex":0}}}],"display":{"head":{"translation":[0.0,-6.4,0.0],"scale":[4.0,4.0,4.0]}}}