{"textures":{"0":"modelengine:entity/shadow_dragon"},"elements":[{"from":[6.6214285,3.6587133,6.437503],"to":[9.478572,8.230142,9.294645],"rotation":{"angle":0.0,"axis":"y","origin":[8.05,5.9444275,7.8660746]},"faces":{"east":{"uv":[8.875,9.3125,9.1875,9.8125],"rotation":0,"texture":"#0","tintindex":0},"south":{"uv":[9.25,8.125,9.5625,8.625],"rotation":0,"texture":"#0","tintindex":0},"north":{"uv":[9.25,8.125,9.5625,8.625],"rotation":0,"texture":"#0","tintindex":0},"west":{"uv":[8.875,9.3125,9.1875,9.8125],"rotation":0,"texture":"#0","tintindex":0},"up":{"uv":[1.0625,9.9375,0.75,9.625],"rotation":0,"texture":"#0","tintindex":0},"down":{"uv":[1.4375,9.625,1.125,9.9375],"rotation":0,"texture":"#0","tintindex":0}}}],"display":{"head":{"translation":[0.0,-6.4,0.0],"scale":[4.0,4.0,4.0]}}}