{"textures":{"0":"modelengine:entity/shadow_dragon"},"elements":[{"from":[-0.5993643,7.742857,1.1887808],"to":[7.9720654,8.828571,2.9030666],"rotation":{"angle":22.5,"axis":"y","origin":[3.6863508,8.285714,2.0459242]},"faces":{"east":{"uv":[1.6875,10.1875,1.875,10.3125],"rotation":0,"texture":"#0","tintindex":0},"south":{"uv":[9.4375,7.5,10.375,7.625],"rotation":0,"texture":"#0","tintindex":0},"north":{"uv":[9.375,3.0625,10.3125,3.1875],"rotation":0,"texture":"#0","tintindex":0},"west":{"uv":[1.9375,10.1875,2.125,10.3125],"rotation":0,"texture":"#0","tintindex":0},"up":{"uv":[10.0625,3.8125,9.125,3.625],"rotation":0,"texture":"#0","tintindex":0},"down":{"uv":[10.0625,3.875,9.125,4.0625],"rotation":0,"texture":"#0","tintindex":0}}},{"from":[-6.104992,7.714286,1.3244123],"to":[-4.390706,8.857143,16.181557],"rotation":{"angle":-45.0,"axis":"y","origin":[-5.2478495,8.285714,8.752984]},"faces":{"east":{"uv":[8.75,0.4375,10.375,0.5625],"rotation":0,"texture":"#0","tintindex":0},"south":{"uv":[10.1875,4.5,10.375,4.625],"rotation":0,"texture":"#0","tintindex":0},"north":{"uv":[10.1875,4.3125,10.375,4.4375],"rotation":0,"texture":"#0","tintindex":0},"west":{"uv":[8.75,4.8125,10.375,4.9375],"rotation":0,"texture":"#0","tintindex":0},"up":{"uv":[4.75,9.8125,4.5625,8.1875],"rotation":0,"texture":"#0","tintindex":0},"down":{"uv":[5.0,8.1875,4.8125,9.8125],"rotation":0,"texture":"#0","tintindex":0}}},{"from":[-12.844025,8.285714,-9.536743E-7],"to":[7.7274046,8.285714,32.0],"rotation":{"angle":0.0,"axis":"y","origin":[-2.5583096,8.285714,16.0]},"faces":{"east":{"uv":[10.0,5.1875,13.5,5.1875],"rotation":0,"texture":"#0","tintindex":0},"south":{"uv":[10.125,4.0,12.375,4.0],"rotation":0,"texture":"#0","tintindex":0},"north":{"uv":[10.0,2.25,12.25,2.25],"rotation":0,"texture":"#0","tintindex":0},"west":{"uv":[10.125,4.0625,13.625,4.0625],"rotation":0,"texture":"#0","tintindex":0},"up":{"uv":[2.25,3.5,0.0,0.0],"rotation":0,"texture":"#0","tintindex":0},"down":{"uv":[2.25,0.0,0.0,3.5],"rotation":0,"texture":"#0","tintindex":0}}},{"from":[-13.308765,8.3,12.528185],"to":[-9.308765,8.3,17.099613],"rotation":{"angle":-45.0,"axis":"y","origin":[-11.308765,8.3,14.813899]},"faces":{"east":{"uv":[0.625,7.6875,1.125,7.6875],"rotation":0,"texture":"#0","tintindex":0},"south":{"uv":[8.6875,2.4375,9.125,2.4375],"rotation":0,"texture":"#0","tintindex":0},"north":{"uv":[0.625,7.625,1.0625,7.625],"rotation":0,"texture":"#0","tintindex":0},"west":{"uv":[9.3125,3.5625,9.8125,3.5625],"rotation":0,"texture":"#0","tintindex":0},"up":{"uv":[2.875,9.1875,2.4375,8.6875],"rotation":0,"texture":"#0","tintindex":0},"down":{"uv":[2.875,8.6875,2.4375,9.1875],"rotation":0,"texture":"#0","tintindex":0}}}],"display":{"head":{"translation":[0.0,-6.4,30.297218],"scale":[4.0,4.0,4.0]}}}