{"textures":{"0":"modelengine:entity/shadow_dragon","1":"modelengine:entity/shadow_spirit"},"elements":[{"from":[5.209932,2.680017,5.720438],"to":[8.067075,8.394302,9.720438],"rotation":{"angle":-22.5,"axis":"z","origin":[6.638503,5.53716,7.7204385]},"faces":{"east":{"uv":[1.0625,8.5,1.5,9.125],"rotation":0,"texture":"#0","tintindex":0},"south":{"uv":[7.25,8.875,7.5625,9.5],"rotation":0,"texture":"#0","tintindex":0},"north":{"uv":[7.25,8.875,7.5625,9.5],"rotation":0,"texture":"#0","tintindex":0},"west":{"uv":[1.0625,8.5,1.5,9.125],"rotation":0,"texture":"#0","tintindex":0},"up":{"uv":[8.5625,9.8125,8.25,9.375],"rotation":0,"texture":"#0","tintindex":0},"down":{"uv":[0.3125,9.4375,0.0,9.875],"rotation":0,"texture":"#0","tintindex":0}}},{"from":[4.2994423,2.2049584,8.577581],"to":[4.2994423,8.490673,17.72044],"rotation":{"angle":-22.5,"axis":"y","origin":[5.4422994,6.347816,13.14901]},"faces":{"east":{"uv":[4.0625,3.0,0.0625,5.75],"rotation":0,"texture":"#1","tintindex":0},"south":{"uv":[10.1875,10.25,10.1875,10.875],"rotation":0,"texture":"#1","tintindex":0},"north":{"uv":[10.25,7.875,10.25,8.5],"rotation":0,"texture":"#1","tintindex":0},"west":{"uv":[0.0625,3.0,4.0625,5.75],"rotation":0,"texture":"#1","tintindex":0},"up":{"uv":[10.25,10.875,10.25,10.25],"rotation":0,"texture":"#1","tintindex":0},"down":{"uv":[0.375,10.3125,0.375,10.9375],"rotation":0,"texture":"#1","tintindex":0}}}],"display":{"head":{"translation":[0.0,-6.4,0.0],"scale":[4.0,4.0,4.0]}}}