{"textures":{"0":"modelengine:entity/shadow_dragon"},"elements":[{"from":[5.1441174,3.7037592,2.0684223],"to":[10.858403,9.989473,8.354136],"rotation":{"angle":-22.5,"axis":"x","origin":[8.001261,6.8466163,5.21128]},"faces":{"east":{"uv":[3.0625,7.125,3.75,7.8125],"rotation":0,"texture":"#0","tintindex":0},"south":{"uv":[7.1875,7.25,7.8125,7.9375],"rotation":0,"texture":"#0","tintindex":0},"north":{"uv":[6.5,7.25,7.125,7.9375],"rotation":0,"texture":"#0","tintindex":0},"west":{"uv":[3.8125,7.1875,4.5,7.875],"rotation":0,"texture":"#0","tintindex":0},"up":{"uv":[7.9375,6.0625,7.3125,5.375],"rotation":0,"texture":"#0","tintindex":0},"down":{"uv":[7.9375,6.125,7.3125,6.8125],"rotation":0,"texture":"#0","tintindex":0}}}],"display":{"head":{"translation":[0.0,-6.4,0.0],"scale":[4.0,4.0,4.0]}}}