{"textures":{"0":"modelengine:entity/shadow_dragon"},"elements":[{"from":[11.893861,7.573214,-0.38604546],"to":[19.322433,8.716071,1.3282409],"rotation":{"angle":0.0,"axis":"y","origin":[15.608147,8.144643,0.47109795]},"faces":{"east":{"uv":[10.375,3.25,10.1875,3.375],"rotation":0,"texture":"#0","tintindex":0},"south":{"uv":[10.375,6.75,9.5625,6.875],"rotation":0,"texture":"#0","tintindex":0},"north":{"uv":[10.375,6.5625,9.5625,6.6875],"rotation":0,"texture":"#0","tintindex":0},"west":{"uv":[2.375,10.1875,2.1875,10.3125],"rotation":0,"texture":"#0","tintindex":0},"up":{"uv":[9.3125,3.4375,10.125,3.25],"rotation":0,"texture":"#0","tintindex":0},"down":{"uv":[9.3125,7.75,10.125,7.9375],"rotation":0,"texture":"#0","tintindex":0}}},{"from":[8.627133,8.144643,-9.536743E-7],"to":[18.91285,8.144643,32.0],"rotation":{"angle":0.0,"axis":"y","origin":[13.769991,8.144643,16.0]},"faces":{"east":{"uv":[13.4375,6.5,9.9375,6.5],"rotation":0,"texture":"#0","tintindex":0},"south":{"uv":[10.9375,4.75,9.8125,4.75],"rotation":0,"texture":"#0","tintindex":0},"north":{"uv":[10.875,3.0,9.75,3.0],"rotation":0,"texture":"#0","tintindex":0},"west":{"uv":[13.3125,4.6875,9.8125,4.6875],"rotation":0,"texture":"#0","tintindex":0},"up":{"uv":[0.0,7.0625,1.125,3.5625],"rotation":0,"texture":"#0","tintindex":0},"down":{"uv":[0.0,3.5625,1.125,7.0625],"rotation":0,"texture":"#0","tintindex":0}}},{"from":[13.036718,8.144643,-5.528902],"to":[18.179577,8.144643,-0.38604546],"rotation":{"angle":0.0,"axis":"y","origin":[15.608147,8.144643,-2.9574738]},"faces":{"east":{"uv":[9.875,3.5,9.3125,3.5],"rotation":0,"texture":"#0","tintindex":0},"south":{"uv":[8.6875,0.625,8.125,0.625],"rotation":0,"texture":"#0","tintindex":0},"north":{"uv":[8.5625,6.75,8.0,6.75],"rotation":0,"texture":"#0","tintindex":0},"west":{"uv":[8.5625,6.8125,8.0,6.8125],"rotation":0,"texture":"#0","tintindex":0},"up":{"uv":[8.125,0.5625,8.6875,0.0],"rotation":0,"texture":"#0","tintindex":0},"down":{"uv":[8.125,0.0,8.6875,0.5625],"rotation":0,"texture":"#0","tintindex":0}}},{"from":[7.0241337,7.6017857,1.7697139],"to":[13.309849,8.6875,3.4839997],"rotation":{"angle":45.0,"axis":"y","origin":[10.166991,8.144643,2.6268568]},"faces":{"east":{"uv":[10.375,5.625,10.1875,5.75],"rotation":0,"texture":"#0","tintindex":0},"south":{"uv":[10.3125,9.5,9.625,9.625],"rotation":0,"texture":"#0","tintindex":0},"north":{"uv":[10.3125,2.3125,9.625,2.4375],"rotation":0,"texture":"#0","tintindex":0},"west":{"uv":[5.625,10.1875,5.4375,10.3125],"rotation":0,"texture":"#0","tintindex":0},"up":{"uv":[9.4375,5.8125,10.125,5.625],"rotation":0,"texture":"#0","tintindex":0},"down":{"uv":[9.4375,7.25,10.125,7.4375],"rotation":0,"texture":"#0","tintindex":0}}}],"display":{"head":{"translation":[0.0,-6.4,14.461952],"scale":[4.0,4.0,4.0]}}}