{"textures":{"0":"modelengine:entity/shadow_dragon"},"elements":[{"from":[8.027935,7.742857,1.1887808],"to":[16.599365,8.828571,2.9030666],"rotation":{"angle":-22.5,"axis":"y","origin":[12.313649,8.285714,2.0459242]},"faces":{"east":{"uv":[2.125,10.1875,1.9375,10.3125],"rotation":0,"texture":"#0","tintindex":0},"south":{"uv":[10.375,7.5,9.4375,7.625],"rotation":0,"texture":"#0","tintindex":0},"north":{"uv":[10.3125,3.0625,9.375,3.1875],"rotation":0,"texture":"#0","tintindex":0},"west":{"uv":[1.875,10.1875,1.6875,10.3125],"rotation":0,"texture":"#0","tintindex":0},"up":{"uv":[9.125,3.8125,10.0625,3.625],"rotation":0,"texture":"#0","tintindex":0},"down":{"uv":[9.125,3.875,10.0625,4.0625],"rotation":0,"texture":"#0","tintindex":0}}},{"from":[20.390705,7.714286,1.3244123],"to":[22.104992,8.857143,16.181557],"rotation":{"angle":45.0,"axis":"y","origin":[21.247849,8.285714,8.752984]},"faces":{"east":{"uv":[10.375,4.8125,8.75,4.9375],"rotation":0,"texture":"#0","tintindex":0},"south":{"uv":[10.375,4.5,10.1875,4.625],"rotation":0,"texture":"#0","tintindex":0},"north":{"uv":[10.375,4.3125,10.1875,4.4375],"rotation":0,"texture":"#0","tintindex":0},"west":{"uv":[10.375,0.4375,8.75,0.5625],"rotation":0,"texture":"#0","tintindex":0},"up":{"uv":[4.5625,9.8125,4.75,8.1875],"rotation":0,"texture":"#0","tintindex":0},"down":{"uv":[4.8125,8.1875,5.0,9.8125],"rotation":0,"texture":"#0","tintindex":0}}},{"from":[8.272595,8.285714,-9.536743E-7],"to":[28.844025,8.285714,32.0],"rotation":{"angle":0.0,"axis":"y","origin":[18.55831,8.285714,16.0]},"faces":{"east":{"uv":[13.625,4.0625,10.125,4.0625],"rotation":0,"texture":"#0","tintindex":0},"south":{"uv":[12.375,4.0,10.125,4.0],"rotation":0,"texture":"#0","tintindex":0},"north":{"uv":[12.25,2.25,10.0,2.25],"rotation":0,"texture":"#0","tintindex":0},"west":{"uv":[13.5,5.1875,10.0,5.1875],"rotation":0,"texture":"#0","tintindex":0},"up":{"uv":[0.0,3.5,2.25,0.0],"rotation":0,"texture":"#0","tintindex":0},"down":{"uv":[0.0,0.0,2.25,3.5],"rotation":0,"texture":"#0","tintindex":0}}},{"from":[25.308765,8.3,12.528185],"to":[29.308765,8.3,17.099613],"rotation":{"angle":45.0,"axis":"y","origin":[27.308765,8.3,14.813899]},"faces":{"east":{"uv":[9.8125,3.5625,9.3125,3.5625],"rotation":0,"texture":"#0","tintindex":0},"south":{"uv":[9.125,2.4375,8.6875,2.4375],"rotation":0,"texture":"#0","tintindex":0},"north":{"uv":[1.0625,7.625,0.625,7.625],"rotation":0,"texture":"#0","tintindex":0},"west":{"uv":[1.125,7.6875,0.625,7.6875],"rotation":0,"texture":"#0","tintindex":0},"up":{"uv":[2.4375,9.1875,2.875,8.6875],"rotation":0,"texture":"#0","tintindex":0},"down":{"uv":[2.4375,8.6875,2.875,9.1875],"rotation":0,"texture":"#0","tintindex":0}}}],"display":{"head":{"translation":[0.0,-6.4,30.297218],"scale":[4.0,4.0,4.0]}}}