{"textures":{"0":"modelengine:entity/shadow_dragon"},"elements":[{"from":[8.458346,7.43,5.1183023],"to":[15.315489,8.572857,6.8325877],"rotation":{"angle":22.5,"axis":"y","origin":[11.886917,8.001429,5.975445]},"faces":{"east":{"uv":[10.3125,0.25,10.125,0.375],"rotation":0,"texture":"#0","tintindex":0},"south":{"uv":[10.3125,6.9375,9.5625,7.0625],"rotation":0,"texture":"#0","tintindex":0},"north":{"uv":[5.8125,8.25,5.0625,8.375],"rotation":0,"texture":"#0","tintindex":0},"west":{"uv":[8.1875,9.6875,8.0,9.8125],"rotation":0,"texture":"#0","tintindex":0},"up":{"uv":[9.375,8.875,10.125,8.6875],"rotation":0,"texture":"#0","tintindex":0},"down":{"uv":[9.375,8.9375,10.125,9.125],"rotation":0,"texture":"#0","tintindex":0}}},{"from":[8.601763,8.001429,-9.536743E-7],"to":[15.458906,8.001429,32.0],"rotation":{"angle":0.0,"axis":"y","origin":[12.030334,8.001429,16.0]},"faces":{"east":{"uv":[13.8125,9.125,10.3125,9.125],"rotation":0,"texture":"#0","tintindex":0},"south":{"uv":[11.0625,8.5,10.3125,8.5],"rotation":0,"texture":"#0","tintindex":0},"north":{"uv":[11.0625,3.9375,10.3125,3.9375],"rotation":0,"texture":"#0","tintindex":0},"west":{"uv":[13.8125,8.4375,10.3125,8.4375],"rotation":0,"texture":"#0","tintindex":0},"up":{"uv":[2.375,7.0625,3.125,3.5625],"rotation":0,"texture":"#0","tintindex":0},"down":{"uv":[2.375,3.5625,3.125,7.0625],"rotation":0,"texture":"#0","tintindex":0}}}],"display":{"head":{"translation":[0.0,-6.4,2.304245],"scale":[4.0,4.0,4.0]}}}