{"textures":{"0":"modelengine:entity/shadow_dragon"},"elements":[{"from":[6.285714,5.2810497,5.007059],"to":[7.428571,6.9953356,6.149916],"rotation":{"angle":22.5,"axis":"x","origin":[9.142858,6.1381927,5.5784874]},"faces":{"east":{"uv":[10.1875,8.3125,10.0625,8.5],"rotation":0,"texture":"#0","tintindex":0},"south":{"uv":[6.0,8.8125,5.875,9.0],"rotation":0,"texture":"#0","tintindex":0},"north":{"uv":[8.5,1.125,8.375,1.3125],"rotation":0,"texture":"#0","tintindex":0},"west":{"uv":[7.5625,8.5,7.4375,8.6875],"rotation":0,"texture":"#0","tintindex":0},"up":{"uv":[0.375,9.5625,0.5,9.4375],"rotation":0,"texture":"#0","tintindex":0},"down":{"uv":[2.4375,10.1875,2.5625,10.3125],"rotation":0,"texture":"#0","tintindex":0}}},{"from":[7.428571,5.2810497,5.007059],"to":[8.571428,6.9953356,6.149916],"rotation":{"angle":22.5,"axis":"x","origin":[9.142858,6.1381927,5.5784874]},"faces":{"east":{"uv":[10.1875,8.3125,10.0625,8.5],"rotation":0,"texture":"#0","tintindex":0},"south":{"uv":[6.0,8.8125,5.875,9.0],"rotation":0,"texture":"#0","tintindex":0},"north":{"uv":[8.5,1.125,8.375,1.3125],"rotation":0,"texture":"#0","tintindex":0},"west":{"uv":[7.5625,8.5,7.4375,8.6875],"rotation":0,"texture":"#0","tintindex":0},"up":{"uv":[0.375,9.5625,0.5,9.4375],"rotation":0,"texture":"#0","tintindex":0},"down":{"uv":[2.4375,10.1875,2.5625,10.3125],"rotation":0,"texture":"#0","tintindex":0}}},{"from":[6.857143,3.2686849,4.7796016],"to":[6.857143,5.554399,6.4938874],"rotation":{"angle":0.0,"axis":"y","origin":[6.857143,4.411542,5.6367445]},"faces":{"east":{"uv":[7.4375,9.9375,7.25,10.1875],"rotation":0,"texture":"#0","tintindex":0},"south":{"uv":[10.3125,2.5,10.3125,2.75],"rotation":0,"texture":"#0","tintindex":0},"north":{"uv":[10.3125,1.9375,10.3125,2.1875],"rotation":0,"texture":"#0","tintindex":0},"west":{"uv":[7.25,9.9375,7.4375,10.1875],"rotation":0,"texture":"#0","tintindex":0},"up":{"uv":[4.0625,9.875,4.0625,9.6875],"rotation":0,"texture":"#0","tintindex":0},"down":{"uv":[2.25,9.9375,2.25,10.125],"rotation":0,"texture":"#0","tintindex":0}}},{"from":[8.0,3.2686849,4.7796016],"to":[8.0,5.554399,6.4938874],"rotation":{"angle":0.0,"axis":"y","origin":[8.0,4.411542,5.6367445]},"faces":{"east":{"uv":[7.4375,9.9375,7.25,10.1875],"rotation":0,"texture":"#0","tintindex":0},"south":{"uv":[10.3125,1.0625,10.3125,1.3125],"rotation":0,"texture":"#0","tintindex":0},"north":{"uv":[10.25,9.6875,10.25,9.9375],"rotation":0,"texture":"#0","tintindex":0},"west":{"uv":[7.25,9.9375,7.4375,10.1875],"rotation":0,"texture":"#0","tintindex":0},"up":{"uv":[6.5625,9.25,6.5625,9.0625],"rotation":0,"texture":"#0","tintindex":0},"down":{"uv":[3.375,9.25,3.375,9.4375],"rotation":0,"texture":"#0","tintindex":0}}},{"from":[9.142858,3.2686849,4.7796016],"to":[9.142858,5.554399,6.4938874],"rotation":{"angle":0.0,"axis":"y","origin":[9.142858,4.411542,5.6367445]},"faces":{"east":{"uv":[7.4375,9.9375,7.25,10.1875],"rotation":0,"texture":"#0","tintindex":0},"south":{"uv":[7.1875,1.375,7.1875,1.625],"rotation":0,"texture":"#0","tintindex":0},"north":{"uv":[5.1875,3.0625,5.1875,3.3125],"rotation":0,"texture":"#0","tintindex":0},"west":{"uv":[7.25,9.9375,7.4375,10.1875],"rotation":0,"texture":"#0","tintindex":0},"up":{"uv":[6.5,7.1875,6.5,7.0],"rotation":0,"texture":"#0","tintindex":0},"down":{"uv":[5.875,7.5,5.875,7.6875],"rotation":0,"texture":"#0","tintindex":0}}},{"from":[6.5714283,6.207939,5.768274],"to":[9.428572,8.493653,8.625417],"rotation":{"angle":-45.0,"axis":"x","origin":[8.0,7.350796,7.1968455]},"faces":{"east":{"uv":[10.0625,2.5,9.75,2.75],"rotation":0,"texture":"#0","tintindex":0},"south":{"uv":[7.9375,9.6875,7.625,9.9375],"rotation":0,"texture":"#0","tintindex":0},"north":{"uv":[7.9375,9.6875,7.625,9.9375],"rotation":0,"texture":"#0","tintindex":0},"west":{"uv":[10.0625,2.5,9.75,2.75],"rotation":0,"texture":"#0","tintindex":0},"up":{"uv":[7.25,9.875,7.5625,9.5625],"rotation":0,"texture":"#0","tintindex":0},"down":{"uv":[7.25,9.875,7.5625,9.5625],"rotation":0,"texture":"#0","tintindex":0}}},{"from":[8.571428,5.2810497,5.007059],"to":[9.714286,6.9953356,6.149916],"rotation":{"angle":22.5,"axis":"x","origin":[9.142858,6.1381927,5.5784874]},"faces":{"east":{"uv":[10.1875,8.3125,10.0625,8.5],"rotation":0,"texture":"#0","tintindex":0},"south":{"uv":[6.0,8.8125,5.875,9.0],"rotation":0,"texture":"#0","tintindex":0},"north":{"uv":[8.5,1.125,8.375,1.3125],"rotation":0,"texture":"#0","tintindex":0},"west":{"uv":[7.5625,8.5,7.4375,8.6875],"rotation":0,"texture":"#0","tintindex":0},"up":{"uv":[0.375,9.5625,0.5,9.4375],"rotation":0,"texture":"#0","tintindex":0},"down":{"uv":[2.4375,10.1875,2.5625,10.3125],"rotation":0,"texture":"#0","tintindex":0}}}],"display":{"head":{"translation":[0.0,-6.4,0.0],"scale":[4.0,4.0,4.0]}}}