{"textures":{"0":"modelengine:entity/shadow_dragon","1":"modelengine:entity/shadow_spirit"},"elements":[{"from":[6.5772567,1.6945133,4.586572],"to":[9.4344,8.551657,9.158001],"rotation":{"angle":22.5,"axis":"x","origin":[8.005828,5.408799,7.158001]},"faces":{"east":{"uv":[3.6875,7.875,3.1875,8.625],"rotation":0,"texture":"#0","tintindex":0},"south":{"uv":[8.8125,8.125,8.5,8.875],"rotation":0,"texture":"#0","tintindex":0},"north":{"uv":[8.8125,8.125,8.5,8.875],"rotation":0,"texture":"#0","tintindex":0},"west":{"uv":[3.6875,7.875,3.1875,8.625],"rotation":0,"texture":"#0","tintindex":0},"up":{"uv":[9.25,9.8125,9.5625,9.3125],"rotation":0,"texture":"#0","tintindex":0},"down":{"uv":[9.375,2.5,9.6875,3.0],"rotation":0,"texture":"#0","tintindex":0}}},{"from":[6.5635657,3.0797262,7.2706804],"to":[6.5635657,9.365441,16.413538],"rotation":{"angle":22.5,"axis":"y","origin":[8.84928,6.0797267,3.2706804]},"faces":{"east":{"uv":[4.0625,5.75,0.0625,3.0],"rotation":0,"texture":"#1","tintindex":0},"south":{"uv":[10.1875,10.25,10.1875,10.875],"rotation":0,"texture":"#1","tintindex":0},"north":{"uv":[10.25,7.875,10.25,8.5],"rotation":0,"texture":"#1","tintindex":0},"west":{"uv":[0.0625,5.75,4.0625,3.0],"rotation":0,"texture":"#1","tintindex":0},"up":{"uv":[10.25,10.875,10.25,10.25],"rotation":0,"texture":"#1","tintindex":0},"down":{"uv":[0.375,10.3125,0.375,10.9375],"rotation":0,"texture":"#1","tintindex":0}}}],"display":{"head":{"translation":[0.0,-6.4,0.0],"scale":[4.0,4.0,4.0]}}}