{"textures":{"0":"modelengine:entity/shadow_dragon","1":"modelengine:entity/shadow_spirit"},"elements":[{"from":[4.0,3.6831737,-2.0474977],"to":[12.0,11.683174,8.238216],"rotation":{"angle":0.0,"axis":"y","origin":[8.0,7.9688883,3.0953588]},"faces":{"east":{"uv":[4.625,0.0,5.75,0.875],"rotation":0,"texture":"#0","tintindex":0},"south":{"uv":[5.25,4.25,6.125,5.125],"rotation":0,"texture":"#0","tintindex":0},"north":{"uv":[5.25,4.25,6.125,5.125],"rotation":0,"texture":"#0","tintindex":0},"west":{"uv":[4.625,0.9375,5.75,1.8125],"rotation":0,"texture":"#0","tintindex":0},"up":{"uv":[5.5,3.0,4.625,1.875],"rotation":0,"texture":"#0","tintindex":0},"down":{"uv":[6.125,3.0625,5.25,4.1875],"rotation":0,"texture":"#0","tintindex":0}}},{"from":[4.192355,8.437472,0.37229252],"to":[4.192355,14.7231865,9.51515],"rotation":{"angle":-45.0,"axis":"x","origin":[1.9066405,14.437471,4.3722925]},"faces":{"east":{"uv":[4.0625,3.0,0.0625,5.75],"rotation":0,"texture":"#1","tintindex":0},"south":{"uv":[10.1875,10.25,10.1875,10.875],"rotation":0,"texture":"#1","tintindex":0},"north":{"uv":[10.25,7.875,10.25,8.5],"rotation":0,"texture":"#1","tintindex":0},"west":{"uv":[0.0625,3.0,4.0625,5.75],"rotation":0,"texture":"#1","tintindex":0},"up":{"uv":[10.25,10.875,10.25,10.25],"rotation":0,"texture":"#1","tintindex":0},"down":{"uv":[0.375,10.3125,0.375,10.9375],"rotation":0,"texture":"#1","tintindex":0}}},{"from":[4.192355,10.2498,-2.3868084],"to":[4.192355,16.535515,6.7560487],"rotation":{"angle":-45.0,"axis":"x","origin":[8.0,12.821228,2.7560482]},"faces":{"east":{"uv":[4.0625,3.0,0.0625,5.75],"rotation":0,"texture":"#1","tintindex":0},"south":{"uv":[10.1875,10.25,10.1875,10.875],"rotation":0,"texture":"#1","tintindex":0},"north":{"uv":[10.25,7.875,10.25,8.5],"rotation":0,"texture":"#1","tintindex":0},"west":{"uv":[0.0625,3.0,4.0625,5.75],"rotation":0,"texture":"#1","tintindex":0},"up":{"uv":[10.25,10.875,10.25,10.25],"rotation":0,"texture":"#1","tintindex":0},"down":{"uv":[0.375,10.3125,0.375,10.9375],"rotation":0,"texture":"#1","tintindex":0}}},{"from":[11.807645,10.2498,-2.3868084],"to":[11.807645,16.535515,6.7560487],"rotation":{"angle":-45.0,"axis":"x","origin":[8.0,12.821228,2.7560482]},"faces":{"east":{"uv":[4.0625,3.0,0.0625,5.75],"rotation":0,"texture":"#1","tintindex":0},"south":{"uv":[10.1875,10.25,10.1875,10.875],"rotation":0,"texture":"#1","tintindex":0},"north":{"uv":[10.25,7.875,10.25,8.5],"rotation":0,"texture":"#1","tintindex":0},"west":{"uv":[0.0625,3.0,4.0625,5.75],"rotation":0,"texture":"#1","tintindex":0},"up":{"uv":[10.25,10.875,10.25,10.25],"rotation":0,"texture":"#1","tintindex":0},"down":{"uv":[0.375,10.3125,0.375,10.9375],"rotation":0,"texture":"#1","tintindex":0}}},{"from":[11.807645,8.437472,0.37229252],"to":[11.807645,14.7231865,9.51515],"rotation":{"angle":-45.0,"axis":"x","origin":[14.093359,14.437471,4.3722925]},"faces":{"east":{"uv":[4.0625,3.0,0.0625,5.75],"rotation":0,"texture":"#1","tintindex":0},"south":{"uv":[10.1875,10.25,10.1875,10.875],"rotation":0,"texture":"#1","tintindex":0},"north":{"uv":[10.25,7.875,10.25,8.5],"rotation":0,"texture":"#1","tintindex":0},"west":{"uv":[0.0625,3.0,4.0625,5.75],"rotation":0,"texture":"#1","tintindex":0},"up":{"uv":[10.25,10.875,10.25,10.25],"rotation":0,"texture":"#1","tintindex":0},"down":{"uv":[0.375,10.3125,0.375,10.9375],"rotation":0,"texture":"#1","tintindex":0}}}],"display":{"head":{"translation":[0.0,-6.4,0.0],"scale":[4.0,4.0,4.0]}}}