{"textures":{"0":"modelengine:entity/shadow_dragon"},"elements":[{"from":[6.857143,6.799228,8.211838],"to":[9.142858,9.656371,15.06898],"rotation":{"angle":0.0,"axis":"y","origin":[8.0,8.513514,11.06898]},"faces":{"east":{"uv":[8.5,3.25,9.25,3.5625],"rotation":0,"texture":"#0","tintindex":0},"south":{"uv":[3.75,9.6875,4.0,10.0],"rotation":0,"texture":"#0","tintindex":0},"north":{"uv":[4.9375,5.4375,5.1875,5.75],"rotation":0,"texture":"#0","tintindex":0},"west":{"uv":[6.625,8.5,7.375,8.8125],"rotation":0,"texture":"#0","tintindex":0},"up":{"uv":[1.8125,9.25,1.5625,8.5],"rotation":0,"texture":"#0","tintindex":0},"down":{"uv":[3.6875,8.6875,3.4375,9.4375],"rotation":0,"texture":"#0","tintindex":0}}},{"from":[8.0,9.656371,8.211838],"to":[8.0,11.942085,15.06898],"rotation":{"angle":0.0,"axis":"y","origin":[8.0,10.799229,11.06898]},"faces":{"east":{"uv":[8.9375,1.625,9.6875,1.875],"rotation":0,"texture":"#0","tintindex":0},"south":{"uv":[7.0,9.875,7.0,10.125],"rotation":0,"texture":"#0","tintindex":0},"north":{"uv":[1.5,9.625,1.5,9.875],"rotation":0,"texture":"#0","tintindex":0},"west":{"uv":[8.9375,5.875,9.6875,6.125],"rotation":0,"texture":"#0","tintindex":0},"up":{"uv":[5.0,11.0,5.0,10.25],"rotation":0,"texture":"#0","tintindex":0},"down":{"uv":[7.25,10.25,7.25,11.0],"rotation":0,"texture":"#0","tintindex":0}}}],"display":{"head":{"translation":[0.0,-6.4,0.0],"scale":[4.0,4.0,4.0]}}}