{"textures":{"0":"modelengine:entity/shadow_dragon"},"elements":[{"from":[5.714286,3.3224125,6.5098686],"to":[10.285714,8.46527,15.081297],"rotation":{"angle":45.0,"axis":"x","origin":[8.0,6.4652696,9.93844]},"faces":{"east":{"uv":[6.9375,3.125,7.875,3.6875],"rotation":0,"texture":"#0","tintindex":0},"south":{"uv":[0.0,8.375,0.5,8.9375],"rotation":0,"texture":"#0","tintindex":0},"north":{"uv":[0.0,8.375,0.5,8.9375],"rotation":0,"texture":"#0","tintindex":0},"west":{"uv":[6.9375,3.75,7.875,4.3125],"rotation":0,"texture":"#0","tintindex":0},"up":{"uv":[6.4375,7.9375,5.9375,7.0],"rotation":0,"texture":"#0","tintindex":0},"down":{"uv":[7.75,1.375,7.25,2.3125],"rotation":0,"texture":"#0","tintindex":0}}},{"from":[6.857143,7.4610643,8.934235],"to":[6.857143,10.318207,17.505665],"rotation":{"angle":45.0,"axis":"x","origin":[6.857143,8.889636,12.362806]},"faces":{"east":{"uv":[9.1875,2.5,8.25,2.8125],"rotation":0,"texture":"#0","tintindex":0},"south":{"uv":[4.5625,10.25,4.5625,10.5625],"rotation":0,"texture":"#0","tintindex":0},"north":{"uv":[4.5,10.25,4.5,10.5625],"rotation":0,"texture":"#0","tintindex":0},"west":{"uv":[8.25,2.5,9.1875,2.8125],"rotation":0,"texture":"#0","tintindex":0},"up":{"uv":[4.625,11.1875,4.625,10.25],"rotation":0,"texture":"#0","tintindex":0},"down":{"uv":[4.6875,10.25,4.6875,11.1875],"rotation":0,"texture":"#0","tintindex":0}}},{"from":[9.142858,7.4610643,8.934235],"to":[9.142858,10.318207,17.505665],"rotation":{"angle":45.0,"axis":"x","origin":[9.142858,8.889636,12.362806]},"faces":{"east":{"uv":[9.1875,2.5,8.25,2.8125],"rotation":0,"texture":"#0","tintindex":0},"south":{"uv":[4.5625,10.25,4.5625,10.5625],"rotation":0,"texture":"#0","tintindex":0},"north":{"uv":[4.5,10.25,4.5,10.5625],"rotation":0,"texture":"#0","tintindex":0},"west":{"uv":[8.25,2.5,9.1875,2.8125],"rotation":0,"texture":"#0","tintindex":0},"up":{"uv":[4.625,11.1875,4.625,10.25],"rotation":0,"texture":"#0","tintindex":0},"down":{"uv":[4.6875,10.25,4.6875,11.1875],"rotation":0,"texture":"#0","tintindex":0}}}],"display":{"head":{"translation":[0.0,-6.4,0.0],"scale":[4.0,4.0,4.0]}}}