{"textures":{"0":"modelengine:entity/shadow_dragon"},"elements":[{"from":[7.428571,7.857143,7.6917915],"to":[8.571428,9.571428,15.120363],"rotation":{"angle":-22.5,"axis":"x","origin":[8.0,9.285714,9.26322]},"faces":{"east":{"uv":[9.125,4.125,9.9375,4.3125],"rotation":0,"texture":"#0","tintindex":0},"south":{"uv":[7.625,2.375,7.75,2.5625],"rotation":0,"texture":"#0","tintindex":0},"north":{"uv":[4.75,6.75,4.875,6.9375],"rotation":0,"texture":"#0","tintindex":0},"west":{"uv":[9.125,5.0,9.9375,5.1875],"rotation":0,"texture":"#0","tintindex":0},"up":{"uv":[3.3125,10.0625,3.1875,9.25],"rotation":0,"texture":"#0","tintindex":0},"down":{"uv":[7.1875,9.3125,7.0625,10.125],"rotation":0,"texture":"#0","tintindex":0}}},{"from":[8.0,5.0,9.406077],"to":[8.0,13.0,20.263222],"rotation":{"angle":-22.5,"axis":"x","origin":[8.571428,9.285714,9.26322]},"faces":{"east":{"uv":[4.0,3.5625,5.1875,4.4375],"rotation":0,"texture":"#0","tintindex":0},"south":{"uv":[2.0625,10.375,2.0625,11.25],"rotation":0,"texture":"#0","tintindex":0},"north":{"uv":[2.0,10.375,2.0,11.25],"rotation":0,"texture":"#0","tintindex":0},"west":{"uv":[4.0,4.5,5.1875,5.375],"rotation":0,"texture":"#0","tintindex":0},"up":{"uv":[2.125,11.5625,2.125,10.375],"rotation":0,"texture":"#0","tintindex":0},"down":{"uv":[2.1875,10.375,2.1875,11.5625],"rotation":0,"texture":"#0","tintindex":0}}}],"display":{"head":{"translation":[0.0,-6.4,0.0],"scale":[4.0,4.0,4.0]}}}