{"textures":{"0":"modelengine:entity/shadow_dragon"},"elements":[{"from":[6.285714,4.9688597,7.7627974],"to":[9.714286,8.968861,15.191369],"rotation":{"angle":22.5,"axis":"x","origin":[8.0,7.540289,10.905655]},"faces":{"east":{"uv":[7.8125,2.0,8.625,2.4375],"rotation":0,"texture":"#0","tintindex":0},"south":{"uv":[4.125,9.0625,4.5,9.5],"rotation":0,"texture":"#0","tintindex":0},"north":{"uv":[4.125,9.0625,4.5,9.5],"rotation":0,"texture":"#0","tintindex":0},"west":{"uv":[7.875,6.875,8.6875,7.3125],"rotation":0,"texture":"#0","tintindex":0},"up":{"uv":[8.0,8.9375,7.625,8.125],"rotation":0,"texture":"#0","tintindex":0},"down":{"uv":[8.4375,8.125,8.0625,8.9375],"rotation":0,"texture":"#0","tintindex":0}}},{"from":[8.0,8.751373,8.856178],"to":[8.0,11.608516,16.284752],"rotation":{"angle":22.5,"axis":"x","origin":[8.0,10.179945,11.999036]},"faces":{"east":{"uv":[8.4375,7.75,9.25,8.0625],"rotation":0,"texture":"#0","tintindex":0},"south":{"uv":[4.8125,10.25,4.8125,10.5625],"rotation":0,"texture":"#0","tintindex":0},"north":{"uv":[4.75,10.25,4.75,10.5625],"rotation":0,"texture":"#0","tintindex":0},"west":{"uv":[8.5,2.875,9.3125,3.1875],"rotation":0,"texture":"#0","tintindex":0},"up":{"uv":[4.875,11.0625,4.875,10.25],"rotation":0,"texture":"#0","tintindex":0},"down":{"uv":[4.9375,10.25,4.9375,11.0625],"rotation":0,"texture":"#0","tintindex":0}}}],"display":{"head":{"translation":[0.0,-6.4,0.0],"scale":[4.0,4.0,4.0]}}}