{"textures":{"0":"modelengine:entity/shadow_dragon"},"elements":[{"from":[5.7155843,4.9909544,3.1685004],"to":[10.287013,11.276669,8.3113575],"rotation":{"angle":0.0,"axis":"y","origin":[8.001299,8.133812,5.739929]},"faces":{"east":{"uv":[0.625,7.75,1.1875,8.4375],"rotation":0,"texture":"#0","tintindex":0},"south":{"uv":[7.875,7.375,8.375,8.0625],"rotation":0,"texture":"#0","tintindex":0},"north":{"uv":[7.875,7.375,8.375,8.0625],"rotation":0,"texture":"#0","tintindex":0},"west":{"uv":[1.25,7.75,1.8125,8.4375],"rotation":0,"texture":"#0","tintindex":0},"up":{"uv":[4.25,9.0,3.75,8.4375],"rotation":0,"texture":"#0","tintindex":0},"down":{"uv":[6.5625,8.4375,6.0625,9.0],"rotation":0,"texture":"#0","tintindex":0}}}],"display":{"head":{"translation":[0.0,-6.4,0.0],"scale":[4.0,4.0,4.0]}}}