{"textures":{"0":"modelengine:entity/shadow_dragon"},"elements":[{"from":[4.8571424,5.8635535,0.95674324],"to":[11.142858,13.292126,8.956743],"rotation":{"angle":22.5,"axis":"x","origin":[8.0,9.577839,4.9567432]},"faces":{"east":{"uv":[4.0,5.4375,4.875,6.25],"rotation":0,"texture":"#0","tintindex":0},"south":{"uv":[6.1875,4.625,6.875,5.4375],"rotation":0,"texture":"#0","tintindex":0},"north":{"uv":[6.1875,4.625,6.875,5.4375],"rotation":0,"texture":"#0","tintindex":0},"west":{"uv":[5.5625,1.875,6.4375,2.6875],"rotation":0,"texture":"#0","tintindex":0},"up":{"uv":[6.875,3.625,6.1875,2.75],"rotation":0,"texture":"#0","tintindex":0},"down":{"uv":[6.875,3.6875,6.1875,4.5625],"rotation":0,"texture":"#0","tintindex":0}}},{"from":[6.0,12.878901,3.0341673],"to":[6.0,16.307472,11.034168],"rotation":{"angle":22.5,"axis":"x","origin":[6.0,14.593185,7.034168]},"faces":{"east":{"uv":[8.875,5.375,8.0,5.75],"rotation":0,"texture":"#0","tintindex":0},"south":{"uv":[0.5,10.3125,0.5,10.6875],"rotation":0,"texture":"#0","tintindex":0},"north":{"uv":[0.4375,10.3125,0.4375,10.6875],"rotation":0,"texture":"#0","tintindex":0},"west":{"uv":[8.0,5.375,8.875,5.75],"rotation":0,"texture":"#0","tintindex":0},"up":{"uv":[0.5625,11.1875,0.5625,10.3125],"rotation":0,"texture":"#0","tintindex":0},"down":{"uv":[0.625,10.3125,0.625,11.1875],"rotation":0,"texture":"#0","tintindex":0}}},{"from":[10.0,12.878901,3.0341673],"to":[10.0,16.307472,11.034168],"rotation":{"angle":22.5,"axis":"x","origin":[10.0,14.593185,7.034168]},"faces":{"east":{"uv":[8.875,5.375,8.0,5.75],"rotation":0,"texture":"#0","tintindex":0},"south":{"uv":[0.5,10.3125,0.5,10.6875],"rotation":0,"texture":"#0","tintindex":0},"north":{"uv":[0.4375,10.3125,0.4375,10.6875],"rotation":0,"texture":"#0","tintindex":0},"west":{"uv":[8.0,5.375,8.875,5.75],"rotation":0,"texture":"#0","tintindex":0},"up":{"uv":[0.5625,11.1875,0.5625,10.3125],"rotation":0,"texture":"#0","tintindex":0},"down":{"uv":[0.625,10.3125,0.625,11.1875],"rotation":0,"texture":"#0","tintindex":0}}}],"display":{"head":{"translation":[0.0,-6.4,0.0],"scale":[4.0,4.0,4.0]}}}