{"textures":{"0":"modelengine:entity/spirit_horse"},"elements":[{"from":[4.2285714,3.9714284,1.9999995],"to":[11.771429,10.885715,8.285714],"rotation":{"angle":-22.5,"axis":"x","origin":[8.0,7.428571,5.142857]},"faces":{"east":{"uv":[2.625,4.5,1.375,5.875],"rotation":0,"texture":"#0","tintindex":0},"south":{"uv":[0.0,0.0,1.5,1.375],"rotation":0,"texture":"#0","tintindex":0},"north":{"uv":[0.0,0.0,1.5,1.375],"rotation":0,"texture":"#0","tintindex":0},"west":{"uv":[1.375,4.5,2.625,5.875],"rotation":0,"texture":"#0","tintindex":0},"up":{"uv":[4.5,4.25,3.0,3.0],"rotation":0,"texture":"#0","tintindex":0},"down":{"uv":[4.5,4.25,3.0,3.0],"rotation":0,"texture":"#0","tintindex":0}}}],"display":{"head":{"translation":[0.0,-6.4,0.0],"scale":[4.0,4.0,4.0]}}}