{"textures":{"0":"modelengine:entity/spirit_horse"},"elements":[{"from":[6.1142855,3.3916426,4.93326],"to":[9.885715,9.048786,9.33326],"rotation":{"angle":22.5,"axis":"x","origin":[8.0,6.2202144,7.13326]},"faces":{"east":{"uv":[2.125,7.25,3.0,8.375],"rotation":0,"texture":"#0","tintindex":0},"south":{"uv":[0.0,8.375,0.75,9.5],"rotation":0,"texture":"#0","tintindex":0},"north":{"uv":[0.0,8.375,0.75,9.5],"rotation":0,"texture":"#0","tintindex":0},"west":{"uv":[2.125,7.25,3.0,8.375],"rotation":0,"texture":"#0","tintindex":0},"up":{"uv":[5.625,10.375,4.875,9.5],"rotation":0,"texture":"#0","tintindex":0},"down":{"uv":[5.625,10.375,4.875,9.5],"rotation":0,"texture":"#0","tintindex":0}}}],"display":{"head":{"translation":[0.0,-6.4,0.0],"scale":[4.0,4.0,4.0]}}}