{"textures":{"0":"modelengine:entity/spirit_horse"},"elements":[{"from":[5.1714287,6.283208,4.1455593],"to":[10.828571,11.940351,9.802702],"rotation":{"angle":-45.0,"axis":"x","origin":[8.0,9.111779,6.9741306]},"faces":{"east":{"uv":[0.0,6.0,1.125,7.125],"rotation":0,"texture":"#0","tintindex":0},"south":{"uv":[4.875,1.5,6.0,2.625],"rotation":0,"texture":"#0","tintindex":0},"north":{"uv":[4.875,1.5,6.0,2.625],"rotation":0,"texture":"#0","tintindex":0},"west":{"uv":[6.0,2.75,7.125,3.875],"rotation":0,"texture":"#0","tintindex":0},"up":{"uv":[7.125,5.125,6.0,4.0],"rotation":0,"texture":"#0","tintindex":0},"down":{"uv":[7.125,5.125,6.0,4.0],"rotation":0,"texture":"#0","tintindex":0}}},{"from":[7.072857,8.635725,8.828258],"to":[8.927143,14.921439,11.342544],"rotation":{"angle":-45.0,"axis":"x","origin":[8.0,11.778582,10.085402]},"faces":{"east":{"uv":[6.875,9.75,6.375,11.0],"rotation":0,"texture":"#0","tintindex":0},"south":{"uv":[6.375,11.125,6.75,12.375],"rotation":0,"texture":"#0","tintindex":0},"north":{"uv":[10.0,10.875,10.375,12.125],"rotation":0,"texture":"#0","tintindex":0},"west":{"uv":[6.375,9.75,6.875,11.0],"rotation":0,"texture":"#0","tintindex":0},"up":{"uv":[4.125,12.875,3.75,12.375],"rotation":0,"texture":"#0","tintindex":0},"down":{"uv":[4.625,12.375,4.25,12.875],"rotation":0,"texture":"#0","tintindex":0}}}],"display":{"head":{"translation":[0.0,-6.4,0.0],"scale":[4.0,4.0,4.0]}}}