{"textures":{"0":"modelengine:entity/spirit_horse"},"elements":[{"from":[6.1142855,3.025444,6.2488003],"to":[9.885715,8.682588,10.020229],"rotation":{"angle":0.0,"axis":"y","origin":[8.0,6.4236827,8.179348]},"faces":{"east":{"uv":[5.875,8.25,5.125,9.375],"rotation":0,"texture":"#0","tintindex":0},"south":{"uv":[8.75,6.0,8.0,7.125],"rotation":0,"texture":"#0","tintindex":0},"north":{"uv":[8.75,6.0,8.0,7.125],"rotation":0,"texture":"#0","tintindex":0},"west":{"uv":[5.875,8.25,5.125,9.375],"rotation":0,"texture":"#0","tintindex":0},"up":{"uv":[9.75,6.75,10.5,6.0],"rotation":0,"texture":"#0","tintindex":0},"down":{"uv":[9.75,6.75,10.5,6.0],"rotation":0,"texture":"#0","tintindex":0}}}],"display":{"head":{"translation":[0.0,-6.4,0.0],"scale":[4.0,4.0,4.0]}}}