{"textures":{"0":"modelengine:entity/spirit_horse"},"elements":[{"from":[6.428571,4.5576115,7.4783373],"to":[9.571428,10.214754,9.992622],"rotation":{"angle":-45.0,"axis":"x","origin":[8.0,7.386183,8.73548]},"faces":{"east":{"uv":[10.375,1.25,9.875,2.375],"rotation":0,"texture":"#0","tintindex":0},"south":{"uv":[9.75,2.5,9.125,3.625],"rotation":0,"texture":"#0","tintindex":0},"north":{"uv":[9.75,2.5,9.125,3.625],"rotation":0,"texture":"#0","tintindex":0},"west":{"uv":[10.375,1.25,9.875,2.375],"rotation":0,"texture":"#0","tintindex":0},"up":{"uv":[11.75,8.625,12.375,8.125],"rotation":0,"texture":"#0","tintindex":0},"down":{"uv":[11.75,8.625,12.375,8.125],"rotation":0,"texture":"#0","tintindex":0}}}],"display":{"head":{"translation":[0.0,-6.4,0.0],"scale":[4.0,4.0,4.0]}}}