{"textures":{"0":"modelengine:entity/spirit_horse"},"elements":[{"from":[6.742857,2.9244657,6.7124624],"to":[9.257143,7.9530373,9.226748],"rotation":{"angle":0.0,"axis":"y","origin":[8.0,6.009397,7.939699]},"faces":{"east":{"uv":[11.125,5.375,10.625,6.375],"rotation":0,"texture":"#0","tintindex":0},"south":{"uv":[11.0,1.25,10.5,2.25],"rotation":0,"texture":"#0","tintindex":0},"north":{"uv":[11.0,1.25,10.5,2.25],"rotation":0,"texture":"#0","tintindex":0},"west":{"uv":[11.125,5.375,10.625,6.375],"rotation":0,"texture":"#0","tintindex":0},"up":{"uv":[8.5,1.75,9.0,1.25],"rotation":0,"texture":"#0","tintindex":0},"down":{"uv":[8.5,1.75,9.0,1.25],"rotation":0,"texture":"#0","tintindex":0}}},{"from":[6.1142855,1.0387516,6.0838914],"to":[9.885715,2.9244657,9.226748],"rotation":{"angle":0.0,"axis":"y","origin":[8.0,2.5522542,7.6254134]},"faces":{"east":{"uv":[12.625,1.25,12.0,1.625],"rotation":0,"texture":"#0","tintindex":0},"south":{"uv":[6.75,5.25,6.0,5.625],"rotation":0,"texture":"#0","tintindex":0},"north":{"uv":[6.75,5.25,6.0,5.625],"rotation":0,"texture":"#0","tintindex":0},"west":{"uv":[12.625,1.25,12.0,1.625],"rotation":0,"texture":"#0","tintindex":0},"up":{"uv":[7.375,2.625,8.125,2.0],"rotation":0,"texture":"#0","tintindex":0},"down":{"uv":[7.375,2.625,8.125,2.0],"rotation":0,"texture":"#0","tintindex":0}}}],"display":{"head":{"translation":[0.0,-6.4,0.0],"scale":[4.0,4.0,4.0]}}}