{"textures":{"0":"modelengine:entity/spirit_horse"},"elements":[{"from":[6.742857,5.755457,6.9658747],"to":[9.257143,8.269743,10.737303],"rotation":{"angle":45.0,"axis":"x","origin":[8.0,7.0126,8.851589]},"faces":{"east":{"uv":[11.375,2.625,12.125,3.125],"rotation":0,"texture":"#0","tintindex":0},"south":{"uv":[11.875,5.125,12.375,5.625],"rotation":0,"texture":"#0","tintindex":0},"north":{"uv":[11.875,4.5,12.375,5.0],"rotation":0,"texture":"#0","tintindex":0},"west":{"uv":[11.625,3.25,12.375,3.75],"rotation":0,"texture":"#0","tintindex":0},"up":{"uv":[5.25,12.375,4.75,11.625],"rotation":0,"texture":"#0","tintindex":0},"down":{"uv":[5.25,11.625,4.75,12.375],"rotation":0,"texture":"#0","tintindex":0}}}],"display":{"head":{"translation":[0.0,-6.4,0.0],"scale":[4.0,4.0,4.0]}}}