{"textures":{"0":"modelengine:entity/spirit_horse"},"elements":[{"from":[7.0571427,5.3098755,7.5280066],"to":[8.942857,8.452733,9.413721],"rotation":{"angle":-22.5,"axis":"x","origin":[8.0,6.881304,8.470863]},"faces":{"east":{"uv":[12.125,1.75,12.5,2.375],"rotation":0,"texture":"#0","tintindex":0},"south":{"uv":[10.5,12.125,10.875,12.75],"rotation":0,"texture":"#0","tintindex":0},"north":{"uv":[10.5,12.75,10.875,12.125],"rotation":0,"texture":"#0","tintindex":0},"west":{"uv":[11.0,12.125,11.375,12.75],"rotation":0,"texture":"#0","tintindex":0},"up":{"uv":[10.375,5.875,10.0,5.5],"rotation":0,"texture":"#0","tintindex":0},"down":{"uv":[11.5,7.25,11.125,7.625],"rotation":0,"texture":"#0","tintindex":0}}}],"display":{"head":{"translation":[0.0,-6.4,0.0],"scale":[4.0,4.0,4.0]}}}