{"textures":{"0":"modelengine:entity/spirit_horse"},"elements":[{"from":[4.2285714,5.9366417,3.1000338],"to":[11.771429,12.850927,9.385748],"rotation":{"angle":22.5,"axis":"x","origin":[8.0,9.3937845,6.2428913]},"faces":{"east":{"uv":[4.125,5.75,5.375,7.125],"rotation":0,"texture":"#0","tintindex":0},"south":{"uv":[1.625,0.0,3.125,1.375],"rotation":0,"texture":"#0","tintindex":0},"north":{"uv":[1.625,0.0,3.125,1.375],"rotation":0,"texture":"#0","tintindex":0},"west":{"uv":[5.5,5.75,6.75,7.125],"rotation":0,"texture":"#0","tintindex":0},"up":{"uv":[4.75,2.625,3.25,1.375],"rotation":0,"texture":"#0","tintindex":0},"down":{"uv":[4.75,2.625,3.25,1.375],"rotation":0,"texture":"#0","tintindex":0}}}],"display":{"head":{"translation":[0.0,-6.4,0.0],"scale":[4.0,4.0,4.0]}}}