{"textures":{"0":"modelengine:entity/spirit_horse"},"elements":[{"from":[4.8571424,4.542857,1.3999996],"to":[11.142858,11.457143,8.314285],"rotation":{"angle":0.0,"axis":"y","origin":[8.0,8.0,4.8571424]},"faces":{"east":{"uv":[0.0,3.0,1.375,4.375],"rotation":0,"texture":"#0","tintindex":0},"south":{"uv":[4.625,2.75,5.875,4.125],"rotation":0,"texture":"#0","tintindex":0},"north":{"uv":[4.625,2.75,5.875,4.125],"rotation":0,"texture":"#0","tintindex":0},"west":{"uv":[1.5,3.0,2.875,4.375],"rotation":0,"texture":"#0","tintindex":0},"up":{"uv":[6.125,1.375,4.875,0.0],"rotation":0,"texture":"#0","tintindex":0},"down":{"uv":[6.125,1.375,4.875,0.0],"rotation":0,"texture":"#0","tintindex":0}}}],"display":{"head":{"translation":[0.0,-6.4,0.0],"scale":[4.0,4.0,4.0]}}}