{"textures":{"0":"modelengine:entity/shadow_spirit","1":"modelengine:entity/shadow_blade"},"elements":[{"from":[7.142857,11.019148,7.1414285],"to":[8.857143,16.733435,8.855714],"rotation":{"angle":0.0,"axis":"y","origin":[8.0,1.600729,7.9985714]},"faces":{"east":{"uv":[2.75,4.125,3.125,5.375],"rotation":0,"texture":"#1","tintindex":0},"south":{"uv":[3.25,4.125,3.625,5.375],"rotation":0,"texture":"#1","tintindex":0},"north":{"uv":[2.25,4.125,2.625,5.375],"rotation":0,"texture":"#1","tintindex":0},"west":{"uv":[4.125,3.375,4.5,4.625],"rotation":0,"texture":"#1","tintindex":0},"up":{"uv":[1.875,4.875,1.5,4.5],"rotation":0,"texture":"#1","tintindex":0},"down":{"uv":[5.0,3.375,4.625,3.75],"rotation":0,"texture":"#1","tintindex":0}}},{"from":[4.0,9.304862,7.1414285],"to":[12.0,11.019148,8.855714],"rotation":{"angle":0.0,"axis":"y","origin":[8.0,1.600729,7.9985714]},"faces":{"east":{"uv":[4.625,3.875,5.0,4.25],"rotation":0,"texture":"#1","tintindex":0},"south":{"uv":[3.875,1.875,5.625,2.25],"rotation":0,"texture":"#1","tintindex":0},"north":{"uv":[3.875,1.375,5.625,1.75],"rotation":0,"texture":"#1","tintindex":0},"west":{"uv":[4.625,4.375,5.0,4.75],"rotation":0,"texture":"#1","tintindex":0},"up":{"uv":[5.625,2.75,3.875,2.375],"rotation":0,"texture":"#1","tintindex":0},"down":{"uv":[5.625,2.875,3.875,3.25],"rotation":0,"texture":"#1","tintindex":0}}},{"from":[-1.1428576,7.019148,7.984286],"to":[6.857143,12.733435,7.984286],"rotation":{"angle":0.0,"axis":"y","origin":[8.0,1.600729,7.9985714]},"faces":{"east":{"uv":[0.0,5.25,0.0,6.5],"rotation":0,"texture":"#1","tintindex":0},"south":{"uv":[3.875,0.0,5.625,1.25],"rotation":0,"texture":"#1","tintindex":0},"north":{"uv":[2.0,2.75,3.75,4.0],"rotation":0,"texture":"#1","tintindex":0},"west":{"uv":[0.125,5.25,0.125,6.5],"rotation":0,"texture":"#1","tintindex":0},"up":{"uv":[6.875,4.25,5.125,4.25],"rotation":0,"texture":"#1","tintindex":0},"down":{"uv":[6.875,4.375,5.125,4.375],"rotation":0,"texture":"#1","tintindex":0}}},{"from":[-1.1428576,7.019148,8.012857],"to":[6.857143,12.733435,8.012857],"rotation":{"angle":0.0,"axis":"y","origin":[8.0,1.600729,7.9985714]},"faces":{"east":{"uv":[0.0,5.25,0.0,6.5],"rotation":0,"texture":"#1","tintindex":0},"south":{"uv":[3.875,0.0,5.625,1.25],"rotation":0,"texture":"#1","tintindex":0},"north":{"uv":[2.0,2.75,3.75,4.0],"rotation":0,"texture":"#1","tintindex":0},"west":{"uv":[0.125,5.25,0.125,6.5],"rotation":0,"texture":"#1","tintindex":0},"up":{"uv":[6.875,4.25,5.125,4.25],"rotation":0,"texture":"#1","tintindex":0},"down":{"uv":[6.875,4.375,5.125,4.375],"rotation":0,"texture":"#1","tintindex":0}}},{"from":[9.142858,7.019148,7.984286],"to":[17.142857,12.733435,7.984286],"rotation":{"angle":0.0,"axis":"y","origin":[8.0,1.600729,7.9985714]},"faces":{"east":{"uv":[0.125,5.25,0.125,6.5],"rotation":0,"texture":"#1","tintindex":0},"south":{"uv":[5.625,0.0,3.875,1.25],"rotation":0,"texture":"#1","tintindex":0},"north":{"uv":[3.75,2.75,2.0,4.0],"rotation":0,"texture":"#1","tintindex":0},"west":{"uv":[0.0,5.25,0.0,6.5],"rotation":0,"texture":"#1","tintindex":0},"up":{"uv":[5.125,4.25,6.875,4.25],"rotation":0,"texture":"#1","tintindex":0},"down":{"uv":[5.125,4.375,6.875,4.375],"rotation":0,"texture":"#1","tintindex":0}}},{"from":[10.425856,9.997856,7.9985714],"to":[16.71157,19.140713,7.9985714],"rotation":{"angle":-22.5,"axis":"z","origin":[11.854426,14.569284,7.9985714]},"faces":{"east":{"uv":[0.5,4.5,0.875,4.875],"rotation":0,"texture":"#0","tintindex":0},"south":{"uv":[4.25,5.875,0.25,3.125],"rotation":90,"texture":"#0","tintindex":0},"north":{"uv":[0.25,5.875,4.25,3.125],"rotation":270,"texture":"#0","tintindex":0},"west":{"uv":[0.0,4.875,0.375,4.5],"rotation":180,"texture":"#0","tintindex":0},"up":{"uv":[1.75,5.25,1.75,3.875],"rotation":90,"texture":"#0","tintindex":0},"down":{"uv":[2.5,5.375,2.875,4.125],"rotation":90,"texture":"#0","tintindex":0}}},{"from":[-0.7115698,9.997856,7.9985714],"to":[5.574145,19.140713,7.9985714],"rotation":{"angle":22.5,"axis":"z","origin":[4.1455736,14.569284,7.9985714]},"faces":{"east":{"uv":[0.375,4.875,0.0,4.5],"rotation":180,"texture":"#0","tintindex":0},"south":{"uv":[4.25,3.125,0.25,5.875],"rotation":90,"texture":"#0","tintindex":0},"north":{"uv":[0.25,3.125,4.25,5.875],"rotation":270,"texture":"#0","tintindex":0},"west":{"uv":[0.875,4.5,0.5,4.875],"rotation":0,"texture":"#0","tintindex":0},"up":{"uv":[1.75,3.875,1.75,5.25],"rotation":90,"texture":"#0","tintindex":0},"down":{"uv":[2.5,4.125,2.875,5.375],"rotation":90,"texture":"#0","tintindex":0}}},{"from":[9.142858,7.019148,8.012857],"to":[17.142857,12.733435,8.012857],"rotation":{"angle":0.0,"axis":"y","origin":[8.0,1.600729,7.9985714]},"faces":{"east":{"uv":[0.125,5.25,0.125,6.5],"rotation":0,"texture":"#1","tintindex":0},"south":{"uv":[5.625,0.0,3.875,1.25],"rotation":0,"texture":"#1","tintindex":0},"north":{"uv":[3.75,2.75,2.0,4.0],"rotation":0,"texture":"#1","tintindex":0},"west":{"uv":[0.0,5.25,0.0,6.5],"rotation":0,"texture":"#1","tintindex":0},"up":{"uv":[5.125,4.25,6.875,4.25],"rotation":0,"texture":"#1","tintindex":0},"down":{"uv":[5.125,4.375,6.875,4.375],"rotation":0,"texture":"#1","tintindex":0}}},{"from":[6.0,-10.695139,7.8628573],"to":[10.0,9.304862,8.148571],"rotation":{"angle":0.0,"axis":"y","origin":[8.0,1.600729,7.9914284]},"faces":{"east":{"uv":[3.875,3.375,4.0,7.75],"rotation":0,"texture":"#1","tintindex":0},"south":{"uv":[1.0,0.0,1.875,4.375],"rotation":0,"texture":"#1","tintindex":0},"north":{"uv":[0.0,0.0,0.875,4.375],"rotation":0,"texture":"#1","tintindex":0},"west":{"uv":[2.0,4.125,2.125,8.5],"rotation":0,"texture":"#1","tintindex":0},"up":{"uv":[5.0,5.0,4.125,4.875],"rotation":0,"texture":"#1","tintindex":0},"down":{"uv":[6.0,3.375,5.125,3.5],"rotation":0,"texture":"#1","tintindex":0}}},{"from":[-2.1087055,-8.507977,7.8914285],"to":[0.74843836,-5.650832,8.12],"rotation":{"angle":45.0,"axis":"z","origin":[8.0,1.600729,7.9914284]},"faces":{"east":{"uv":[1.5,5.0,1.625,5.625],"rotation":0,"texture":"#1","tintindex":0},"south":{"uv":[0.75,4.5,1.375,5.125],"rotation":0,"texture":"#1","tintindex":0},"north":{"uv":[0.0,4.5,0.625,5.125],"rotation":0,"texture":"#1","tintindex":0},"west":{"uv":[1.75,5.0,1.875,5.625],"rotation":0,"texture":"#1","tintindex":0},"up":{"uv":[5.75,3.75,5.125,3.625],"rotation":0,"texture":"#1","tintindex":0},"down":{"uv":[5.75,3.875,5.125,4.0],"rotation":0,"texture":"#1","tintindex":0}}}],"display":{"head":{"translation":[0.0,-6.4,0.0],"scale":[4.0,4.0,4.0]}}}