{
	"credit": "Made by samus2002",
	"textures": {
		"0": "shadowmancer_texture/shadow_burst_8",
		"particle": "shadowmancer_texture/shadow_burst_8"
	},
	"elements": [
		{
			"from": [-8, -8.5, 8],
			"to": [23, 22.5, 8],
			"rotation": {"angle": 0, "axis": "y", "origin": [7.5, 7, 8]},
			"faces": {
				"north": {"uv": [4, 5, 12, 13], "texture": "#0"},
				"east": {"uv": [0, 0, 0, 16], "texture": "#0"},
				"south": {"uv": [12, 5, 4, 13], "texture": "#0"},
				"west": {"uv": [0, 0, 0, 16], "texture": "#0"},
				"up": {"uv": [0, 0, 16, 0], "texture": "#0"},
				"down": {"uv": [0, 0, 16, 0], "texture": "#0"}
			}
		},
		{
			"from": [7.5, -8.5, -7.5],
			"to": [7.5, 22.5, 23.5],
			"rotation": {"angle": 0, "axis": "y", "origin": [7.5, 7, 8]},
			"faces": {
				"north": {"uv": [0, 0, 0, 16], "texture": "#0"},
				"east": {"uv": [4, 5, 12, 13], "texture": "#0"},
				"south": {"uv": [0, 0, 0, 16], "texture": "#0"},
				"west": {"uv": [12, 5, 4, 13], "texture": "#0"},
				"up": {"uv": [0, 0, 16, 0], "rotation": 90, "texture": "#0"},
				"down": {"uv": [0, 0, 16, 0], "rotation": 270, "texture": "#0"}
			}
		}
	],
	"display": {
		"head": {
			"translation": [1, -29.25, 0],
			"scale": [2, 2, 2]
		}
	}
}