{
	"credit": "Made by samus2002",
	"texture_size": [64, 64],
	"textures": {
		"0": "shadowmancer_texture/shadow_orb_shiny",
		"particle": "shadowmancer_texture/shadow_orb_shiny"
	},
	"elements": [
		{
			"from": [3.5, 3.5, 3.5],
			"to": [12.5, 3.5, 12.5],
			"rotation": {"angle": 0, "axis": "y", "origin": [8, 8, 8]},
			"faces": {
				"north": {"uv": [9.25, 3.5, 11.5, 3.5], "texture": "#0"},
				"east": {"uv": [9.25, 3.75, 11.5, 3.75], "texture": "#0"},
				"south": {"uv": [9.25, 4, 11.5, 4], "texture": "#0"},
				"west": {"uv": [9.25, 4.25, 11.5, 4.25], "texture": "#0"},
				"up": {"uv": [0, 7.25, 2.25, 5], "texture": "#0"},
				"down": {"uv": [0, 5, 2.25, 7.25], "texture": "#0"}
			}
		},
		{
			"from": [3.5, 12.5, 3.5],
			"to": [12.5, 12.5, 12.5],
			"rotation": {"angle": 0, "axis": "y", "origin": [8, 8, 8]},
			"faces": {
				"north": {"uv": [9.25, 2.5, 11.5, 2.5], "texture": "#0"},
				"east": {"uv": [9.25, 2.75, 11.5, 2.75], "texture": "#0"},
				"south": {"uv": [9.25, 3, 11.5, 3], "texture": "#0"},
				"west": {"uv": [9.25, 3.25, 11.5, 3.25], "texture": "#0"},
				"up": {"uv": [0, 5, 2.25, 7.25], "texture": "#0"},
				"down": {"uv": [0, 7.25, 2.25, 5], "texture": "#0"}
			}
		},
		{
			"from": [3.5, 3.5, 3.5],
			"to": [3.5, 12.5, 12.5],
			"rotation": {"angle": 0, "axis": "y", "origin": [8, 8, 8]},
			"faces": {
				"north": {"uv": [5.75, 9.25, 5.75, 11.5], "texture": "#0"},
				"east": {"uv": [2.25, 5, 0, 7.25], "texture": "#0"},
				"south": {"uv": [6, 9.25, 6, 11.5], "texture": "#0"},
				"west": {"uv": [0, 5, 2.25, 7.25], "texture": "#0"},
				"up": {"uv": [6.25, 11.5, 6.25, 9.25], "texture": "#0"},
				"down": {"uv": [6.5, 9.25, 6.5, 11.5], "texture": "#0"}
			}
		},
		{
			"from": [12.5, 3.5, 3.5],
			"to": [12.5, 12.5, 12.5],
			"rotation": {"angle": 0, "axis": "y", "origin": [8, 8, 8]},
			"faces": {
				"north": {"uv": [5.75, 9.25, 5.75, 11.5], "texture": "#0"},
				"east": {"uv": [2.25, 5, 0, 7.25], "texture": "#0"},
				"south": {"uv": [6, 9.25, 6, 11.5], "texture": "#0"},
				"west": {"uv": [0, 5, 2.25, 7.25], "texture": "#0"},
				"up": {"uv": [6.25, 11.5, 6.25, 9.25], "texture": "#0"},
				"down": {"uv": [6.5, 9.25, 6.5, 11.5], "texture": "#0"}
			}
		},
		{
			"from": [3.5, 3.5, 12.5],
			"to": [12.5, 12.5, 12.5],
			"rotation": {"angle": 0, "axis": "y", "origin": [8, 8, 8]},
			"faces": {
				"north": {"uv": [2.25, 5, 0, 7.25], "texture": "#0"},
				"east": {"uv": [5.25, 9.25, 5.25, 11.5], "texture": "#0"},
				"south": {"uv": [0, 5, 2.25, 7.25], "texture": "#0"},
				"west": {"uv": [5.5, 9.25, 5.5, 11.5], "texture": "#0"},
				"up": {"uv": [11.5, 7.5, 9.25, 7.5], "texture": "#0"},
				"down": {"uv": [11.75, 4.5, 9.5, 4.5], "texture": "#0"}
			}
		},
		{
			"from": [3.5, 3.5, 3.5],
			"to": [12.5, 12.5, 3.5],
			"rotation": {"angle": 0, "axis": "y", "origin": [8, 8, 8]},
			"faces": {
				"north": {"uv": [0, 5, 2.25, 7.25], "texture": "#0"},
				"east": {"uv": [9.25, 4.5, 9.25, 6.75], "texture": "#0"},
				"south": {"uv": [2.25, 5, 0, 7.25], "texture": "#0"},
				"west": {"uv": [5, 9.25, 5, 11.5], "texture": "#0"},
				"up": {"uv": [11.5, 7, 9.25, 7], "texture": "#0"},
				"down": {"uv": [11.5, 7.25, 9.25, 7.25], "texture": "#0"}
			}
		},
		{
			"from": [5, 5, 5],
			"to": [11, 11, 11],
			"rotation": {"angle": 0, "axis": "y", "origin": [8, 8, 8]},
			"faces": {
				"north": {"uv": [7.5, 2.5, 9, 4], "texture": "#0"},
				"east": {"uv": [7.5, 2.5, 9, 4], "texture": "#0"},
				"south": {"uv": [7.5, 2.5, 9, 4], "texture": "#0"},
				"west": {"uv": [7.5, 2.5, 9, 4], "texture": "#0"},
				"up": {"uv": [7.5, 2.5, 9, 4], "texture": "#0"},
				"down": {"uv": [7.5, 2.5, 9, 4], "texture": "#0"}
			}
		}
	],
	"gui_light": "front",
	"display": {
		"thirdperson_righthand": {
			"translation": [0, 1, 0],
			"scale": [0.7, 0.7, 0.7]
		},
		"thirdperson_lefthand": {
			"translation": [0, 1, 0],
			"scale": [0.7, 0.7, 0.7]
		},
		"firstperson_righthand": {
			"rotation": [5, 9, 9],
			"translation": [0, 0.75, -1]
		},
		"firstperson_lefthand": {
			"rotation": [5, 9, 9],
			"translation": [0, 0.75, -1]
		},
		"ground": {
			"translation": [0, 1, 0],
			"scale": [0.7, 0.7, 0.7]
		},
		"gui": {
			"rotation": [30, 45, 0],
			"translation": [0.25, 0, 0]
		}
	}
}