{
	"credit": "Made by samus2002",
	"texture_size": [128, 128],
	"textures": {
		"0": "shadowmancer_texture/shadow_blade_impact",
		"particle": "shadowmancer_texture/shadow_blade_impact"
	},
	"elements": [
		{
			"from": [-2, 0.125, -2],
			"to": [18, 25.125, -2],
			"rotation": {"angle": 0, "axis": "y", "origin": [9, 8, 8]},
			"faces": {
				"north": {"uv": [2.625, 0, 5.125, 3.125], "texture": "#0"},
				"east": {"uv": [8.375, 3.125, 8.375, 6.25], "texture": "#0"},
				"south": {"uv": [5.125, 0, 2.625, 3.125], "texture": "#0"},
				"west": {"uv": [8.375, 6.375, 8.375, 9.5], "texture": "#0"},
				"up": {"uv": [11, 3.125, 8.5, 3.125], "texture": "#0"},
				"down": {"uv": [11, 3.25, 8.5, 3.25], "texture": "#0"}
			}
		},
		{
			"from": [-2, 0.125, 18],
			"to": [18, 25.125, 18],
			"rotation": {"angle": 0, "axis": "y", "origin": [9, 8, 8]},
			"faces": {
				"north": {"uv": [2.625, 0, 5.125, 3.125], "texture": "#0"},
				"east": {"uv": [8.375, 3.125, 8.375, 6.25], "texture": "#0"},
				"south": {"uv": [5.125, 0, 2.625, 3.125], "texture": "#0"},
				"west": {"uv": [8.375, 6.375, 8.375, 9.5], "texture": "#0"},
				"up": {"uv": [11, 3.125, 8.5, 3.125], "texture": "#0"},
				"down": {"uv": [11, 3.25, 8.5, 3.25], "texture": "#0"}
			}
		},
		{
			"from": [-2, 0.125, -2],
			"to": [-2, 25.125, 18],
			"rotation": {"angle": 0, "axis": "y", "origin": [9, 8, 8]},
			"faces": {
				"north": {"uv": [7.875, 3.125, 7.875, 6.25], "texture": "#0"},
				"east": {"uv": [5.125, 0, 2.625, 3.125], "texture": "#0"},
				"south": {"uv": [7.875, 6.375, 7.875, 9.5], "texture": "#0"},
				"west": {"uv": [2.625, 0, 5.125, 3.125], "texture": "#0"},
				"up": {"uv": [8, 5.625, 8, 3.125], "texture": "#0"},
				"down": {"uv": [8, 5.75, 8, 8.25], "texture": "#0"}
			}
		},
		{
			"from": [18, 0.125, -2],
			"to": [18, 25.125, 18],
			"rotation": {"angle": 0, "axis": "y", "origin": [7, 8, 8]},
			"faces": {
				"north": {"uv": [7.875, 3.125, 7.875, 6.25], "texture": "#0"},
				"east": {"uv": [5.125, 0, 2.625, 3.125], "texture": "#0"},
				"south": {"uv": [7.875, 6.375, 7.875, 9.5], "texture": "#0"},
				"west": {"uv": [2.625, 0, 5.125, 3.125], "texture": "#0"},
				"up": {"uv": [8, 5.625, 8, 3.125], "texture": "#0"},
				"down": {"uv": [8, 5.75, 8, 8.25], "texture": "#0"}
			}
		}
	],
	"display": {
		"thirdperson_righthand": {
			"rotation": [90, 0, 0],
			"translation": [-5.75, -2, -6.75],
			"scale": [3.89961, 0.71406, 3.89961]
		}
	}
}