{"textures":{"0":"modelengine:entity/shadow_spirit"},"elements":[{"from":[6.5714283,6.0,8.0],"to":[9.428572,10.0,12.571428],"rotation":{"angle":0.0,"axis":"y","origin":[8.0,9.285714,10.571428]},"faces":{"east":{"uv":[4.25,4.0,6.25,5.75],"rotation":0,"texture":"#0","tintindex":0},"south":{"uv":[4.5,8.0,5.75,9.75],"rotation":0,"texture":"#0","tintindex":0},"north":{"uv":[5.75,8.0,4.5,9.75],"rotation":0,"texture":"#0","tintindex":0},"west":{"uv":[0.0,6.0,2.0,7.75],"rotation":0,"texture":"#0","tintindex":0},"up":{"uv":[1.25,10.0,0.0,8.0],"rotation":0,"texture":"#0","tintindex":0},"down":{"uv":[2.75,8.0,1.5,10.0],"rotation":0,"texture":"#0","tintindex":0}}}],"display":{"head":{"translation":[0.0,-6.4,0.0],"scale":[4.0,4.0,4.0]}}}