{"textures":{"0":"modelengine:entity/shadow_spirit"},"elements":[{"from":[6.0,6.4,4.685714],"to":[10.0,10.4,8.114285],"rotation":{"angle":0.0,"axis":"y","origin":[8.0,9.685715,10.685715]},"faces":{"east":{"uv":[6.25,6.0,7.75,7.75],"rotation":0,"texture":"#0","tintindex":0},"south":{"uv":[4.25,6.0,6.0,7.75],"rotation":0,"texture":"#0","tintindex":0},"north":{"uv":[2.25,6.0,4.0,7.75],"rotation":0,"texture":"#0","tintindex":0},"west":{"uv":[6.5,4.0,8.0,5.75],"rotation":0,"texture":"#0","tintindex":0},"up":{"uv":[9.25,1.5,7.5,0.0],"rotation":0,"texture":"#0","tintindex":0},"down":{"uv":[9.25,1.75,7.5,3.25],"rotation":0,"texture":"#0","tintindex":0}}},{"from":[6.0,10.4,4.685714],"to":[6.0,14.4,11.542857],"rotation":{"angle":0.0,"axis":"y","origin":[8.0,9.685715,10.685715]},"faces":{"east":{"uv":[7.25,2.0,4.25,3.75],"rotation":0,"texture":"#0","tintindex":0},"south":{"uv":[1.25,10.25,1.25,12.0],"rotation":0,"texture":"#0","tintindex":0},"north":{"uv":[1.0,10.25,1.0,12.0],"rotation":0,"texture":"#0","tintindex":0},"west":{"uv":[4.25,2.0,7.25,3.75],"rotation":0,"texture":"#0","tintindex":0},"up":{"uv":[1.5,13.25,1.5,10.25],"rotation":0,"texture":"#0","tintindex":0},"down":{"uv":[1.75,10.25,1.75,13.25],"rotation":0,"texture":"#0","tintindex":0}}},{"from":[10.0,10.4,4.685714],"to":[10.0,14.4,11.542857],"rotation":{"angle":0.0,"axis":"y","origin":[8.0,9.685715,10.685715]},"faces":{"east":{"uv":[7.25,2.0,4.25,3.75],"rotation":0,"texture":"#0","tintindex":0},"south":{"uv":[1.25,10.25,1.25,12.0],"rotation":0,"texture":"#0","tintindex":0},"north":{"uv":[1.0,10.25,1.0,12.0],"rotation":0,"texture":"#0","tintindex":0},"west":{"uv":[4.25,2.0,7.25,3.75],"rotation":0,"texture":"#0","tintindex":0},"up":{"uv":[1.5,13.25,1.5,10.25],"rotation":0,"texture":"#0","tintindex":0},"down":{"uv":[1.75,10.25,1.75,13.25],"rotation":0,"texture":"#0","tintindex":0}}},{"from":[7.142857,7.542857,1.2571425],"to":[8.857143,9.257143,4.685714],"rotation":{"angle":0.0,"axis":"y","origin":[8.0,9.685715,10.685715]},"faces":{"east":{"uv":[9.0,7.5,10.5,8.25],"rotation":0,"texture":"#0","tintindex":0},"south":{"uv":[4.0,10.0,4.75,10.75],"rotation":0,"texture":"#0","tintindex":0},"north":{"uv":[3.0,10.0,3.75,10.75],"rotation":0,"texture":"#0","tintindex":0},"west":{"uv":[9.0,8.5,10.5,9.25],"rotation":0,"texture":"#0","tintindex":0},"up":{"uv":[10.0,5.0,9.25,3.5],"rotation":0,"texture":"#0","tintindex":0},"down":{"uv":[10.25,0.0,9.5,1.5],"rotation":0,"texture":"#0","tintindex":0}}},{"from":[7.142857,6.4,1.2571425],"to":[8.857143,7.542857,4.685714],"rotation":{"angle":0.0,"axis":"y","origin":[8.0,9.685715,10.685715]},"faces":{"east":{"uv":[9.25,5.25,10.75,5.75],"rotation":0,"texture":"#0","tintindex":0},"south":{"uv":[10.0,6.0,10.75,6.5],"rotation":0,"texture":"#0","tintindex":0},"north":{"uv":[5.0,10.0,5.75,10.5],"rotation":0,"texture":"#0","tintindex":0},"west":{"uv":[9.0,9.5,10.5,10.0],"rotation":0,"texture":"#0","tintindex":0},"up":{"uv":[10.25,3.25,9.5,1.75],"rotation":0,"texture":"#0","tintindex":0},"down":{"uv":[6.75,9.5,6.0,11.0],"rotation":0,"texture":"#0","tintindex":0}}}],"display":{"head":{"translation":[0.0,-6.4,0.0],"scale":[4.0,4.0,4.0]}}}