{"textures":{"0":"modelengine:entity/shadow_spirit"},"elements":[{"from":[7.142857,6.5714283,8.0],"to":[8.857143,9.428572,12.0],"rotation":{"angle":0.0,"axis":"y","origin":[8.0,9.285714,6.0]},"faces":{"east":{"uv":[6.0,8.0,7.75,9.25],"rotation":0,"texture":"#0","tintindex":0},"south":{"uv":[8.0,9.5,8.75,10.75],"rotation":0,"texture":"#0","tintindex":0},"north":{"uv":[8.75,9.5,8.0,10.75],"rotation":0,"texture":"#0","tintindex":0},"west":{"uv":[8.0,6.0,9.75,7.25],"rotation":0,"texture":"#0","tintindex":0},"up":{"uv":[8.75,9.25,8.0,7.5],"rotation":0,"texture":"#0","tintindex":0},"down":{"uv":[9.0,3.5,8.25,5.25],"rotation":0,"texture":"#0","tintindex":0}}},{"from":[8.0,4.8571424,9.142858],"to":[8.0,11.142858,18.285715],"rotation":{"angle":0.0,"axis":"y","origin":[8.0,9.285714,6.0]},"faces":{"east":{"uv":[4.0,3.0,0.0,5.75],"rotation":0,"texture":"#0","tintindex":0},"south":{"uv":[0.25,10.25,0.25,13.0],"rotation":0,"texture":"#0","tintindex":0},"north":{"uv":[0.0,10.25,0.0,13.0],"rotation":0,"texture":"#0","tintindex":0},"west":{"uv":[0.0,3.0,4.0,5.75],"rotation":0,"texture":"#0","tintindex":0},"up":{"uv":[0.5,14.25,0.5,10.25],"rotation":0,"texture":"#0","tintindex":0},"down":{"uv":[0.75,10.25,0.75,14.25],"rotation":0,"texture":"#0","tintindex":0}}}],"display":{"head":{"translation":[0.0,-6.4,0.0],"scale":[4.0,4.0,4.0]}}}