{"textures":{"0":"modelengine:entity/skeletal_minion"},"elements":[{"from":[6.285714,4.130185,0.8212862],"to":[6.285714,6.4158993,4.821286],"rotation":{"angle":0.0,"axis":"y","origin":[8.0,6.7873282,1.9641433]},"faces":{"east":{"uv":[5.875,0.0,5.0,0.5],"rotation":0,"texture":"#0","tintindex":0},"south":{"uv":[1.125,10.5,1.125,11.0],"rotation":0,"texture":"#0","tintindex":0},"north":{"uv":[1.0,10.5,1.0,11.0],"rotation":0,"texture":"#0","tintindex":0},"west":{"uv":[5.0,0.0,5.875,0.5],"rotation":0,"texture":"#0","tintindex":0},"up":{"uv":[1.25,11.375,1.25,10.5],"rotation":0,"texture":"#0","tintindex":0},"down":{"uv":[1.375,10.5,1.375,11.375],"rotation":0,"texture":"#0","tintindex":0}}},{"from":[6.285714,6.4158993,0.8212862],"to":[9.714286,8.701614,4.821286],"rotation":{"angle":0.0,"axis":"y","origin":[8.0,6.7873282,1.9641433]},"faces":{"east":{"uv":[4.125,3.5,5.0,4.0],"rotation":0,"texture":"#0","tintindex":0},"south":{"uv":[5.125,4.25,5.875,4.75],"rotation":0,"texture":"#0","tintindex":0},"north":{"uv":[5.125,3.625,5.875,4.125],"rotation":0,"texture":"#0","tintindex":0},"west":{"uv":[4.125,4.125,5.0,4.625],"rotation":0,"texture":"#0","tintindex":0},"up":{"uv":[0.75,2.875,0.0,2.0],"rotation":0,"texture":"#0","tintindex":0},"down":{"uv":[3.0,0.0,2.25,0.875],"rotation":0,"texture":"#0","tintindex":0}}},{"from":[4.856904,9.424013,6.0928273],"to":[5.9997606,11.138299,7.2356844],"rotation":{"angle":45.0,"axis":"z","origin":[5.672124,10.899309,6.664256]},"faces":{"east":{"uv":[0.75,9.625,1.0,10.0],"rotation":0,"texture":"#0","tintindex":0},"south":{"uv":[1.125,9.625,1.375,10.0],"rotation":0,"texture":"#0","tintindex":0},"north":{"uv":[0.375,9.625,0.625,10.0],"rotation":0,"texture":"#0","tintindex":0},"west":{"uv":[1.5,9.625,1.75,10.0],"rotation":0,"texture":"#0","tintindex":0},"up":{"uv":[10.5,4.25,10.25,4.0],"rotation":0,"texture":"#0","tintindex":0},"down":{"uv":[4.5,10.25,4.25,10.5],"rotation":0,"texture":"#0","tintindex":0}}},{"from":[8.571428,4.130185,0.8212862],"to":[9.714286,6.4158993,0.8212862],"rotation":{"angle":0.0,"axis":"y","origin":[8.0,6.7873282,1.9641433]},"faces":{"east":{"uv":[1.625,10.5,1.625,11.0],"rotation":0,"texture":"#0","tintindex":0},"south":{"uv":[7.75,9.25,8.0,9.75],"rotation":0,"texture":"#0","tintindex":0},"north":{"uv":[8.0,9.25,7.75,9.75],"rotation":0,"texture":"#0","tintindex":0},"west":{"uv":[1.5,10.5,1.5,11.0],"rotation":0,"texture":"#0","tintindex":0},"up":{"uv":[2.75,4.875,3.0,4.875],"rotation":0,"texture":"#0","tintindex":0},"down":{"uv":[5.0,0.625,5.25,0.625],"rotation":0,"texture":"#0","tintindex":0}}},{"from":[5.7,10.051317,7.1358294],"to":[5.7,11.765603,9.992972],"rotation":{"angle":-45.0,"axis":"x","origin":[8.0,10.822746,8.907258]},"faces":{"east":{"uv":[7.5,5.75,6.875,6.125],"rotation":0,"texture":"#0","tintindex":0},"south":{"uv":[2.5,7.5,2.5,7.875],"rotation":0,"texture":"#0","tintindex":0},"north":{"uv":[3.625,6.125,3.625,6.5],"rotation":0,"texture":"#0","tintindex":0},"west":{"uv":[6.875,5.75,7.5,6.125],"rotation":0,"texture":"#0","tintindex":0},"up":{"uv":[5.5,10.75,5.5,10.125],"rotation":0,"texture":"#0","tintindex":0},"down":{"uv":[5.0,10.25,5.0,10.875],"rotation":0,"texture":"#0","tintindex":0}}},{"from":[5.714286,7.3769135,4.078857],"to":[10.285714,10.234056,8.078857],"rotation":{"angle":-22.5,"axis":"x","origin":[8.0,8.805485,6.6502857]},"faces":{"east":{"uv":[4.0,0.0,4.875,0.625],"rotation":0,"texture":"#0","tintindex":0},"south":{"uv":[2.625,1.75,3.625,2.375],"rotation":0,"texture":"#0","tintindex":0},"north":{"uv":[2.25,1.0,3.25,1.625],"rotation":0,"texture":"#0","tintindex":0},"west":{"uv":[2.375,4.125,3.25,4.75],"rotation":0,"texture":"#0","tintindex":0},"up":{"uv":[1.0,0.875,0.0,0.0],"rotation":0,"texture":"#0","tintindex":0},"down":{"uv":[1.0,1.0,0.0,1.875],"rotation":0,"texture":"#0","tintindex":0}}},{"from":[5.121697,10.651653,6.3785415],"to":[5.6931257,12.365938,6.9499702],"rotation":{"angle":0.0,"axis":"y","origin":[5.672124,10.899309,6.664256]},"faces":{"east":{"uv":[0.625,4.625,0.75,5.0],"rotation":0,"texture":"#0","tintindex":0},"south":{"uv":[4.875,3.0,5.0,3.375],"rotation":0,"texture":"#0","tintindex":0},"north":{"uv":[2.125,4.375,2.25,4.75],"rotation":0,"texture":"#0","tintindex":0},"west":{"uv":[1.5,7.0,1.625,7.375],"rotation":0,"texture":"#0","tintindex":0},"up":{"uv":[5.75,2.25,5.625,2.125],"rotation":0,"texture":"#0","tintindex":0},"down":{"uv":[3.125,7.0,3.0,7.125],"rotation":0,"texture":"#0","tintindex":0}}},{"from":[10.306874,10.651653,6.3785415],"to":[10.878304,12.365938,6.9499702],"rotation":{"angle":0.0,"axis":"y","origin":[10.327876,10.899309,6.664256]},"faces":{"east":{"uv":[1.625,7.0,1.5,7.375],"rotation":0,"texture":"#0","tintindex":0},"south":{"uv":[5.0,3.0,4.875,3.375],"rotation":0,"texture":"#0","tintindex":0},"north":{"uv":[2.25,4.375,2.125,4.75],"rotation":0,"texture":"#0","tintindex":0},"west":{"uv":[0.75,4.625,0.625,5.0],"rotation":0,"texture":"#0","tintindex":0},"up":{"uv":[5.625,2.25,5.75,2.125],"rotation":0,"texture":"#0","tintindex":0},"down":{"uv":[3.0,7.0,3.125,7.125],"rotation":0,"texture":"#0","tintindex":0}}},{"from":[10.3,10.051317,7.1358294],"to":[10.3,11.765603,9.992972],"rotation":{"angle":-45.0,"axis":"x","origin":[8.0,10.822746,8.907258]},"faces":{"east":{"uv":[7.5,5.75,6.875,6.125],"rotation":0,"texture":"#0","tintindex":0},"south":{"uv":[2.5,7.5,2.5,7.875],"rotation":0,"texture":"#0","tintindex":0},"north":{"uv":[3.625,6.125,3.625,6.5],"rotation":0,"texture":"#0","tintindex":0},"west":{"uv":[6.875,5.75,7.5,6.125],"rotation":0,"texture":"#0","tintindex":0},"up":{"uv":[5.5,10.75,5.5,10.125],"rotation":0,"texture":"#0","tintindex":0},"down":{"uv":[5.0,10.25,5.0,10.875],"rotation":0,"texture":"#0","tintindex":0}}},{"from":[9.714286,4.130185,0.8212862],"to":[9.714286,6.4158993,4.821286],"rotation":{"angle":0.0,"axis":"y","origin":[8.0,6.7873282,1.9641433]},"faces":{"east":{"uv":[5.875,0.0,5.0,0.5],"rotation":0,"texture":"#0","tintindex":0},"south":{"uv":[1.125,10.5,1.125,11.0],"rotation":0,"texture":"#0","tintindex":0},"north":{"uv":[1.0,10.5,1.0,11.0],"rotation":0,"texture":"#0","tintindex":0},"west":{"uv":[5.0,0.0,5.875,0.5],"rotation":0,"texture":"#0","tintindex":0},"up":{"uv":[1.25,11.375,1.25,10.5],"rotation":0,"texture":"#0","tintindex":0},"down":{"uv":[1.375,10.5,1.375,11.375],"rotation":0,"texture":"#0","tintindex":0}}},{"from":[6.285714,4.130185,0.8212862],"to":[7.428571,6.4158993,0.8212862],"rotation":{"angle":0.0,"axis":"y","origin":[8.0,6.7873282,1.9641433]},"faces":{"east":{"uv":[1.5,10.5,1.5,11.0],"rotation":0,"texture":"#0","tintindex":0},"south":{"uv":[8.0,9.25,7.75,9.75],"rotation":0,"texture":"#0","tintindex":0},"north":{"uv":[7.75,9.25,8.0,9.75],"rotation":0,"texture":"#0","tintindex":0},"west":{"uv":[1.625,10.5,1.625,11.0],"rotation":0,"texture":"#0","tintindex":0},"up":{"uv":[3.0,4.875,2.75,4.875],"rotation":0,"texture":"#0","tintindex":0},"down":{"uv":[5.25,0.625,5.0,0.625],"rotation":0,"texture":"#0","tintindex":0}}},{"from":[10.000239,9.424013,6.0928273],"to":[11.143096,11.138299,7.2356844],"rotation":{"angle":-45.0,"axis":"z","origin":[10.327876,10.899309,6.664256]},"faces":{"east":{"uv":[1.75,9.625,1.5,10.0],"rotation":0,"texture":"#0","tintindex":0},"south":{"uv":[1.375,9.625,1.125,10.0],"rotation":0,"texture":"#0","tintindex":0},"north":{"uv":[0.625,9.625,0.375,10.0],"rotation":0,"texture":"#0","tintindex":0},"west":{"uv":[1.0,9.625,0.75,10.0],"rotation":0,"texture":"#0","tintindex":0},"up":{"uv":[10.25,4.25,10.5,4.0],"rotation":0,"texture":"#0","tintindex":0},"down":{"uv":[4.25,10.25,4.5,10.5],"rotation":0,"texture":"#0","tintindex":0}}},{"from":[5.7,11.765603,7.1358294],"to":[10.3,11.765603,9.992972],"rotation":{"angle":-45.0,"axis":"x","origin":[8.0,10.822746,8.907258]},"faces":{"east":{"uv":[7.125,1.5,7.75,1.5],"rotation":0,"texture":"#0","tintindex":0},"south":{"uv":[10.25,5.5,11.25,5.5],"rotation":0,"texture":"#0","tintindex":0},"north":{"uv":[10.25,0.75,11.25,0.75],"rotation":0,"texture":"#0","tintindex":0},"west":{"uv":[10.25,8.25,10.875,8.25],"rotation":0,"texture":"#0","tintindex":0},"up":{"uv":[3.625,3.125,2.625,2.5],"rotation":0,"texture":"#0","tintindex":0},"down":{"uv":[3.625,2.5,2.625,3.125],"rotation":0,"texture":"#0","tintindex":0}}}],"display":{"head":{"translation":[0.0,-6.4,0.0],"scale":[4.0,4.0,4.0]}}}