{"textures":{"0":"modelengine:entity/skeletal_minion"},"elements":[{"from":[7.4261856,4.755567,7.1349764],"to":[8.569042,8.184138,8.849262],"rotation":{"angle":0.0,"axis":"y","origin":[7.997614,6.041281,8.020691]},"faces":{"east":{"uv":[5.25,5.875,5.625,6.625],"rotation":0,"texture":"#0","tintindex":0},"south":{"uv":[5.875,7.375,6.125,8.125],"rotation":0,"texture":"#0","tintindex":0},"north":{"uv":[5.5,7.125,5.75,7.875],"rotation":0,"texture":"#0","tintindex":0},"west":{"uv":[5.75,5.875,6.125,6.625],"rotation":0,"texture":"#0","tintindex":0},"up":{"uv":[2.0,5.75,1.75,5.375],"rotation":0,"texture":"#0","tintindex":0},"down":{"uv":[9.625,0.0,9.375,0.375],"rotation":0,"texture":"#0","tintindex":0}}}],"display":{"head":{"translation":[0.0,-6.4,0.0],"scale":[4.0,4.0,4.0]}}}