{"textures":{"0":"modelengine:entity/skeletal_minion"},"elements":[{"from":[5.4179106,7.376316,7.569033],"to":[6.5607677,7.947745,8.140462],"rotation":{"angle":-22.5,"axis":"z","origin":[5.846482,7.66203,7.854748]},"faces":{"east":{"uv":[2.375,3.0,2.5,3.125],"rotation":0,"texture":"#0","tintindex":0},"south":{"uv":[6.0,0.375,6.25,0.5],"rotation":0,"texture":"#0","tintindex":0},"north":{"uv":[0.0,5.625,0.25,5.75],"rotation":0,"texture":"#0","tintindex":0},"west":{"uv":[4.625,2.375,4.75,2.5],"rotation":0,"texture":"#0","tintindex":0},"up":{"uv":[0.875,6.5,0.625,6.375],"rotation":0,"texture":"#0","tintindex":0},"down":{"uv":[7.0,3.25,6.75,3.375],"rotation":0,"texture":"#0","tintindex":0}}},{"from":[5.4179106,6.233459,7.569033],"to":[6.5607677,6.804888,8.140462],"rotation":{"angle":-22.5,"axis":"z","origin":[5.846482,7.66203,7.854748]},"faces":{"east":{"uv":[0.625,5.125,0.75,5.25],"rotation":0,"texture":"#0","tintindex":0},"south":{"uv":[8.25,3.0,8.5,3.125],"rotation":0,"texture":"#0","tintindex":0},"north":{"uv":[6.875,6.25,7.125,6.375],"rotation":0,"texture":"#0","tintindex":0},"west":{"uv":[0.375,5.625,0.5,5.75],"rotation":0,"texture":"#0","tintindex":0},"up":{"uv":[2.125,8.5,1.875,8.375],"rotation":0,"texture":"#0","tintindex":0},"down":{"uv":[9.125,3.375,8.875,3.5],"rotation":0,"texture":"#0","tintindex":0}}},{"from":[6.327048,5.0039444,6.71189],"to":[10.327048,6.7182302,8.997604],"rotation":{"angle":45.0,"axis":"z","origin":[6.6372724,4.4815364,7.854748]},"faces":{"east":{"uv":[7.25,2.0,7.75,2.375],"rotation":0,"texture":"#0","tintindex":0},"south":{"uv":[4.75,5.375,5.625,5.75],"rotation":0,"texture":"#0","tintindex":0},"north":{"uv":[3.75,5.375,4.625,5.75],"rotation":0,"texture":"#0","tintindex":0},"west":{"uv":[3.0,7.25,3.5,7.625],"rotation":0,"texture":"#0","tintindex":0},"up":{"uv":[5.5,2.25,4.625,1.75],"rotation":0,"texture":"#0","tintindex":0},"down":{"uv":[5.0,4.75,4.125,5.25],"rotation":0,"texture":"#0","tintindex":0}}}],"display":{"head":{"translation":[0.0,-6.4,0.0],"scale":[4.0,4.0,4.0]}}}