{"textures":{"0":"modelengine:entity/skeletal_minion"},"elements":[{"from":[7.140736,4.6826735,7.425378],"to":[8.855022,8.111244,9.139664],"rotation":{"angle":-22.5,"axis":"x","origin":[7.4264507,7.1112447,7.996806]},"faces":{"east":{"uv":[3.75,5.875,4.125,6.625],"rotation":0,"texture":"#0","tintindex":0},"south":{"uv":[4.25,5.875,4.625,6.625],"rotation":0,"texture":"#0","tintindex":0},"north":{"uv":[2.25,5.875,2.625,6.625],"rotation":0,"texture":"#0","tintindex":0},"west":{"uv":[4.75,5.875,5.125,6.625],"rotation":0,"texture":"#0","tintindex":0},"up":{"uv":[9.125,5.125,8.75,4.75],"rotation":0,"texture":"#0","tintindex":0},"down":{"uv":[9.125,5.25,8.75,5.625],"rotation":0,"texture":"#0","tintindex":0}}}],"display":{"head":{"translation":[0.0,-6.4,0.0],"scale":[4.0,4.0,4.0]}}}