{"textures":{"0":"modelengine:entity/skeletal_minion"},"elements":[{"from":[7.4261856,5.170672,6.578474],"to":[8.569042,8.599243,8.29276],"rotation":{"angle":22.5,"axis":"x","origin":[7.997614,6.884958,6.864188]},"faces":{"east":{"uv":[5.25,5.875,5.625,6.625],"rotation":0,"texture":"#0","tintindex":0},"south":{"uv":[5.875,7.375,6.125,8.125],"rotation":0,"texture":"#0","tintindex":0},"north":{"uv":[5.5,7.125,5.75,7.875],"rotation":0,"texture":"#0","tintindex":0},"west":{"uv":[5.75,5.875,6.125,6.625],"rotation":0,"texture":"#0","tintindex":0},"up":{"uv":[2.0,5.75,1.75,5.375],"rotation":0,"texture":"#0","tintindex":0},"down":{"uv":[9.625,0.0,9.375,0.375],"rotation":0,"texture":"#0","tintindex":0}}}],"display":{"head":{"translation":[0.0,-6.4,0.0],"scale":[4.0,4.0,4.0]}}}