{"textures":{"0":"modelengine:entity/skeletal_minion"},"elements":[{"from":[7.7184706,6.21667,5.3177404],"to":[8.289899,6.7880983,6.4605975],"rotation":{"angle":45.0,"axis":"x","origin":[8.004185,6.502384,5.8891687]},"faces":{"east":{"uv":[10.625,3.0,10.375,3.125],"rotation":0,"texture":"#0","tintindex":0},"south":{"uv":[9.375,3.375,9.25,3.5],"rotation":0,"texture":"#0","tintindex":0},"north":{"uv":[8.75,3.0,8.625,3.125],"rotation":0,"texture":"#0","tintindex":0},"west":{"uv":[10.5,2.0,10.25,2.125],"rotation":0,"texture":"#0","tintindex":0},"up":{"uv":[1.875,8.0,2.0,7.75],"rotation":0,"texture":"#0","tintindex":0},"down":{"uv":[3.375,7.75,3.5,8.0],"rotation":0,"texture":"#0","tintindex":0}}},{"from":[7.7184706,7.359527,4.746312],"to":[8.289899,7.9309554,5.8891687],"rotation":{"angle":45.0,"axis":"x","origin":[8.004185,6.502384,5.8891687]},"faces":{"east":{"uv":[10.375,9.5,10.125,9.625],"rotation":0,"texture":"#0","tintindex":0},"south":{"uv":[2.0,8.125,1.875,8.25],"rotation":0,"texture":"#0","tintindex":0},"north":{"uv":[1.625,7.5,1.5,7.625],"rotation":0,"texture":"#0","tintindex":0},"west":{"uv":[10.0,2.25,9.75,2.375],"rotation":0,"texture":"#0","tintindex":0},"up":{"uv":[0.875,2.875,1.0,2.625],"rotation":0,"texture":"#0","tintindex":0},"down":{"uv":[7.625,4.0,7.75,4.25],"rotation":0,"texture":"#0","tintindex":0}}},{"from":[6.861327,4.8331966,6.20512],"to":[9.147042,8.833197,8.490834],"rotation":{"angle":22.5,"axis":"x","origin":[8.004185,6.6704144,6.2948303]},"faces":{"east":{"uv":[2.625,4.875,2.125,5.75],"rotation":0,"texture":"#0","tintindex":0},"south":{"uv":[5.375,0.75,4.875,1.625],"rotation":0,"texture":"#0","tintindex":0},"north":{"uv":[2.0,4.375,1.5,5.25],"rotation":0,"texture":"#0","tintindex":0},"west":{"uv":[0.5,4.625,0.0,5.5],"rotation":0,"texture":"#0","tintindex":0},"up":{"uv":[0.0,6.875,0.5,6.375],"rotation":0,"texture":"#0","tintindex":0},"down":{"uv":[6.5,0.375,7.0,0.875],"rotation":0,"texture":"#0","tintindex":0}}}],"display":{"head":{"translation":[0.0,-6.4,0.0],"scale":[4.0,4.0,4.0]}}}