{"textures":{"0":"modelengine:entity/skeletal_minion"},"elements":[{"from":[7.4309573,5.170672,6.578474],"to":[8.573814,8.599243,8.29276],"rotation":{"angle":22.5,"axis":"x","origin":[8.002386,6.884958,6.864188]},"faces":{"east":{"uv":[6.125,5.875,5.75,6.625],"rotation":0,"texture":"#0","tintindex":0},"south":{"uv":[6.125,7.375,5.875,8.125],"rotation":0,"texture":"#0","tintindex":0},"north":{"uv":[5.75,7.125,5.5,7.875],"rotation":0,"texture":"#0","tintindex":0},"west":{"uv":[5.625,5.875,5.25,6.625],"rotation":0,"texture":"#0","tintindex":0},"up":{"uv":[1.75,5.75,2.0,5.375],"rotation":0,"texture":"#0","tintindex":0},"down":{"uv":[9.375,0.0,9.625,0.375],"rotation":0,"texture":"#0","tintindex":0}}}],"display":{"head":{"translation":[0.0,-6.4,0.0],"scale":[4.0,4.0,4.0]}}}