{"textures":{"0":"modelengine:entity/skeletal_minion"},"elements":[{"from":[7.144978,4.6826735,7.425378],"to":[8.859263,8.111244,9.139664],"rotation":{"angle":-22.5,"axis":"x","origin":[8.573549,7.1112447,7.996806]},"faces":{"east":{"uv":[5.125,5.875,4.75,6.625],"rotation":0,"texture":"#0","tintindex":0},"south":{"uv":[4.625,5.875,4.25,6.625],"rotation":0,"texture":"#0","tintindex":0},"north":{"uv":[2.625,5.875,2.25,6.625],"rotation":0,"texture":"#0","tintindex":0},"west":{"uv":[4.125,5.875,3.75,6.625],"rotation":0,"texture":"#0","tintindex":0},"up":{"uv":[8.75,5.125,9.125,4.75],"rotation":0,"texture":"#0","tintindex":0},"down":{"uv":[8.75,5.25,9.125,5.625],"rotation":0,"texture":"#0","tintindex":0}}}],"display":{"head":{"translation":[0.0,-6.4,0.0],"scale":[4.0,4.0,4.0]}}}