{"textures":{"0":"modelengine:entity/skeletal_minion"},"elements":[{"from":[8.0,8.3289585,7.7748337],"to":[8.0,10.043244,11.774834],"rotation":{"angle":22.5,"axis":"x","origin":[8.571428,8.3289585,10.060548]},"faces":{"east":{"uv":[0.875,5.875,0.0,6.25],"rotation":0,"texture":"#0","tintindex":0},"south":{"uv":[10.125,10.5,10.125,10.875],"rotation":0,"texture":"#0","tintindex":0},"north":{"uv":[10.0,10.5,10.0,10.875],"rotation":0,"texture":"#0","tintindex":0},"west":{"uv":[0.0,5.875,0.875,6.25],"rotation":0,"texture":"#0","tintindex":0},"up":{"uv":[10.25,11.375,10.25,10.5],"rotation":0,"texture":"#0","tintindex":0},"down":{"uv":[10.625,0.875,10.625,1.75],"rotation":0,"texture":"#0","tintindex":0}}},{"from":[7.428571,6.6146727,7.7748337],"to":[8.571428,8.3289585,11.774834],"rotation":{"angle":22.5,"axis":"x","origin":[8.0,8.3289585,10.060548]},"faces":{"east":{"uv":[5.625,1.625,6.5,2.0],"rotation":0,"texture":"#0","tintindex":0},"south":{"uv":[9.625,9.75,9.875,10.125],"rotation":0,"texture":"#0","tintindex":0},"north":{"uv":[8.5,9.75,8.75,10.125],"rotation":0,"texture":"#0","tintindex":0},"west":{"uv":[2.75,5.625,3.625,6.0],"rotation":0,"texture":"#0","tintindex":0},"up":{"uv":[2.875,7.875,2.625,7.0],"rotation":0,"texture":"#0","tintindex":0},"down":{"uv":[3.875,7.125,3.625,8.0],"rotation":0,"texture":"#0","tintindex":0}}}],"display":{"head":{"translation":[0.0,-6.4,0.0],"scale":[4.0,4.0,4.0]}}}